"DateTime","Players","Average Players"
"2020-04-30 00:00:00",1440,
"2020-05-01 00:00:00",15597,
"2020-05-02 00:00:00",14858,
"2020-05-03 00:00:00",12912,
"2020-05-04 00:00:00",10944,
"2020-05-05 00:00:00",9674,
"2020-05-06 00:00:00",8773,
"2020-05-07 00:00:00",8000,
"2020-05-08 00:00:00",6864,
"2020-05-09 00:00:00",6203,
"2020-05-10 00:00:00",6096,
"2020-05-11 00:00:00",4985,
"2020-05-12 00:00:00",4279,
"2020-05-13 00:00:00",3972,
"2020-05-14 00:00:00",3405,
"2020-05-15 00:00:00",3048,
"2020-05-16 00:00:00",3149,
"2020-05-17 00:00:00",2927,
"2020-05-18 00:00:00",2383,
"2020-05-19 00:00:00",2184,
"2020-05-20 00:00:00",2009,
"2020-05-21 00:00:00",2048,
"2020-05-22 00:00:00",1876,
"2020-05-23 00:00:00",2160,
"2020-05-24 00:00:00",1997,
"2020-05-25 00:00:00",1563,
"2020-05-26 00:00:00",1429,
"2020-05-27 00:00:00",1308,
"2020-05-28 00:00:00",1124,
"2020-05-29 00:00:00",1085,
"2020-05-30 00:00:00",1314,
"2020-05-31 00:00:00",1189,
"2020-06-01 00:00:00",991,
"2020-06-02 00:00:00",917,
"2020-06-03 00:00:00",900,
"2020-06-04 00:00:00",919,
"2020-06-05 00:00:00",914,
"2020-06-06 00:00:00",992,
"2020-06-07 00:00:00",1026,
"2020-06-08 00:00:00",852,
"2020-06-09 00:00:00",776,
"2020-06-10 00:00:00",782,
"2020-06-11 00:00:00",719,
"2020-06-12 00:00:00",673,
"2020-06-13 00:00:00",843,
"2020-06-14 00:00:00",827,
"2020-06-15 00:00:00",686,
"2020-06-16 00:00:00",615,
"2020-06-17 00:00:00",562,
"2020-06-18 00:00:00",553,
"2020-06-19 00:00:00",522,
"2020-06-20 00:00:00",666,
"2020-06-21 00:00:00",629,
"2020-06-22 00:00:00",555,
"2020-06-23 00:00:00",545,
"2020-06-24 00:00:00",544,
"2020-06-25 00:00:00",617,
"2020-06-26 00:00:00",570,
"2020-06-27 00:00:00",624,
"2020-06-28 00:00:00",553,
"2020-06-29 00:00:00",484,
"2020-06-30 00:00:00",457,
"2020-07-01 00:00:00",427,
"2020-07-02 00:00:00",477,
"2020-07-03 00:00:00",426,
"2020-07-04 00:00:00",553,
"2020-07-05 00:00:00",534,
"2020-07-06 00:00:00",458,
"2020-07-07 00:00:00",422,
"2020-07-08 00:00:00",390,
"2020-07-09 00:00:00",401,
"2020-07-10 00:00:00",454,
"2020-07-11 00:00:00",534,
"2020-07-12 00:00:00",567,
"2020-07-13 00:00:00",443,
"2020-07-14 00:00:00",456,
"2020-07-15 00:00:00",377,
"2020-07-16 00:00:00",382,
"2020-07-17 00:00:00",376,
"2020-07-18 00:00:00",453,
"2020-07-19 00:00:00",433,
"2020-07-20 00:00:00",391,
"2020-07-21 00:00:00",372,
"2020-07-22 00:00:00",361,
"2020-07-23 00:00:00",296,
"2020-07-24 00:00:00",264,
"2020-07-25 00:00:00",375,
"2020-07-26 00:00:00",386,
"2020-07-27 00:00:00",386,
"2020-07-28 00:00:00",398,
"2020-07-29 00:00:00",365,
"2020-07-30 00:00:00",351,
"2020-07-31 00:00:00",348,
"2020-08-01 00:00:00",427,
"2020-08-02 00:00:00",415,
"2020-08-03 00:00:00",321,
"2020-08-04 00:00:00",333,
"2020-08-05 00:00:00",288,
"2020-08-06 00:00:00",268,
"2020-08-07 00:00:00",239,
"2020-08-08 00:00:00",314,
"2020-08-09 00:00:00",335,
"2020-08-10 00:00:00",262,
"2020-08-11 00:00:00",295,
"2020-08-12 00:00:00",267,
"2020-08-13 00:00:00",227,
"2020-08-14 00:00:00",230,
"2020-08-15 00:00:00",324,
"2020-08-16 00:00:00",308,
"2020-08-17 00:00:00",288,
"2020-08-18 00:00:00",268,
"2020-08-19 00:00:00",245,
"2020-08-20 00:00:00",236,
"2020-08-21 00:00:00",217,
"2020-08-22 00:00:00",248,
"2020-08-23 00:00:00",252,
"2020-08-24 00:00:00",255,
"2020-08-25 00:00:00",203,
"2020-08-26 00:00:00",202,
"2020-08-27 00:00:00",214,
"2020-08-28 00:00:00",227,
"2020-08-29 00:00:00",262,
"2020-08-30 00:00:00",283,
"2020-08-31 00:00:00",239,
"2020-09-01 00:00:00",232,
"2020-09-02 00:00:00",253,
"2020-09-03 00:00:00",201,
"2020-09-04 00:00:00",205,
"2020-09-05 00:00:00",232,
"2020-09-06 00:00:00",232,
"2020-09-07 00:00:00",214,
"2020-09-08 00:00:00",218,
"2020-09-09 00:00:00",194,
"2020-09-10 00:00:00",185,
"2020-09-11 00:00:00",177,
"2020-09-12 00:00:00",223,
"2020-09-13 00:00:00",242,
"2020-09-14 00:00:00",188,
"2020-09-15 00:00:00",165,
"2020-09-16 00:00:00",172,
"2020-09-17 00:00:00",150,
"2020-09-18 00:00:00",149,
"2020-09-19 00:00:00",181,
"2020-09-20 00:00:00",190,
"2020-09-21 00:00:00",170,
"2020-09-22 00:00:00",170,
"2020-09-23 00:00:00",150,
"2020-09-24 00:00:00",152,
"2020-09-25 00:00:00",144,
"2020-09-26 00:00:00",164,
"2020-09-27 00:00:00",135,
"2020-09-28 00:00:00",133,
"2020-09-29 00:00:00",122,
"2020-09-30 00:00:00",127,
"2020-10-01 00:00:00",148,
"2020-10-02 00:00:00",170,
"2020-10-03 00:00:00",155,
"2020-10-04 00:00:00",155,
"2020-10-05 00:00:00",150,
"2020-10-06 00:00:00",162,
"2020-10-07 00:00:00",160,
"2020-10-08 00:00:00",168,
"2020-10-09 00:00:00",158,
"2020-10-10 00:00:00",163,
"2020-10-11 00:00:00",156,
"2020-10-12 00:00:00",141,
"2020-10-13 00:00:00",141,
"2020-10-14 00:00:00",149,
"2020-10-15 00:00:00",144,
"2020-10-16 00:00:00",130,
"2020-10-17 00:00:00",144,
"2020-10-18 00:00:00",193,
"2020-10-19 00:00:00",165,
"2020-10-20 00:00:00",146,
"2020-10-21 00:00:00",168,
"2020-10-22 00:00:00",130,
"2020-10-23 00:00:00",132,
"2020-10-24 00:00:00",159,
"2020-10-25 00:00:00",155,
"2020-10-26 00:00:00",133,
"2020-10-27 00:00:00",130,
"2020-10-28 00:00:00",120,
"2020-10-29 00:00:00",121,
"2020-10-30 00:00:00",110,
"2020-10-31 00:00:00",131,
"2020-11-01 00:00:00",143,
"2020-11-02 00:00:00",119,
"2020-11-03 00:00:00",145,
"2020-11-04 00:00:00",124,
"2020-11-05 00:00:00",136,
"2020-11-06 00:00:00",143,
"2020-11-07 00:00:00",186,
"2020-11-08 00:00:00",164,
"2020-11-09 00:00:00",145,
"2020-11-10 00:00:00",133,
"2020-11-11 00:00:00",125,
"2020-11-12 00:00:00",96,
"2020-11-13 00:00:00",113,
"2020-11-14 00:00:00",132,
"2020-11-15 00:00:00",139,
"2020-11-16 00:00:00",115,
"2020-11-17 00:00:00",122,
"2020-11-18 00:00:00",115,
"2020-11-19 00:00:00",115,
"2020-11-20 00:00:00",118,
"2020-11-21 00:00:00",129,
"2020-11-22 00:00:00",154,
"2020-11-23 00:00:00",117,
"2020-11-24 00:00:00",117,
"2020-11-25 00:00:00",121,
"2020-11-26 00:00:00",109,
"2020-11-27 00:00:00",111,
"2020-11-28 00:00:00",140,
"2020-11-29 00:00:00",122,
"2020-11-30 00:00:00",129,
"2020-12-01 00:00:00",106,
"2020-12-02 00:00:00",104,
"2020-12-03 00:00:00",110,
"2020-12-04 00:00:00",97,
"2020-12-05 00:00:00",138,
"2020-12-06 00:00:00",122,
"2020-12-07 00:00:00",107,
"2020-12-08 00:00:00",93,
"2020-12-09 00:00:00",93,
"2020-12-10 00:00:00",68,
"2020-12-11 00:00:00",72,
"2020-12-12 00:00:00",93,
"2020-12-13 00:00:00",98,
"2020-12-14 00:00:00",94,
"2020-12-15 00:00:00",84,
"2020-12-16 00:00:00",80,
"2020-12-17 00:00:00",77,
"2020-12-18 00:00:00",82,
"2020-12-19 00:00:00",95,
"2020-12-20 00:00:00",102,
"2020-12-21 00:00:00",111,
"2020-12-22 00:00:00",126,
"2020-12-23 00:00:00",116,
"2020-12-24 00:00:00",93,
"2020-12-25 00:00:00",106,
"2020-12-26 00:00:00",143,
"2020-12-27 00:00:00",140,
"2020-12-28 00:00:00",131,
"2020-12-29 00:00:00",142,
"2020-12-30 00:00:00",148,
"2020-12-31 00:00:00",124,
"2021-01-01 00:00:00",153,
"2021-01-02 00:00:00",154,
"2021-01-03 00:00:00",147,
"2021-01-04 00:00:00",122,
"2021-01-05 00:00:00",120,
"2021-01-06 00:00:00",118,
"2021-01-07 00:00:00",131,
"2021-01-08 00:00:00",131,
"2021-01-09 00:00:00",176,
"2021-01-10 00:00:00",196,
"2021-01-11 00:00:00",209,
"2021-01-12 00:00:00",251,
"2021-01-13 00:00:00",306,
"2021-01-14 00:00:00",312,
"2021-01-15 00:00:00",286,
"2021-01-16 00:00:00",331,
"2021-01-17 00:00:00",409,
"2021-01-18 00:00:00",338,
"2021-01-19 00:00:00",363,
"2021-01-20 00:00:00",352,
"2021-01-21 00:00:00",347,
"2021-01-22 00:00:00",394,
"2021-01-23 00:00:00",546,
"2021-01-24 00:00:00",574,
"2021-01-25 00:00:00",529,
"2021-01-26 00:00:00",560,
"2021-01-27 00:00:00",509,
"2021-01-28 00:00:00",506,
"2021-01-29 00:00:00",514,
"2021-01-30 00:00:00",697,
"2021-01-31 00:00:00",926,
"2021-02-01 00:00:00",12282,
"2021-02-02 00:00:00",11667,
"2021-02-03 00:00:00",10482,
"2021-02-04 00:00:00",9081,
"2021-02-05 00:00:00",7833,
"2021-02-06 00:00:00",7913,
"2021-02-07 00:00:00",6829,
"2021-02-08 00:00:00",6157,
"2021-02-09 00:00:00",5567,
"2021-02-10 00:00:00",5168,
"2021-02-11 00:00:00",4165,
"2021-02-12 00:00:00",4460,
"2021-02-13 00:00:00",4156,
"2021-02-14 00:00:00",3827,
"2021-02-15 00:00:00",3826,
"2021-02-16 00:00:00",3676,
"2021-02-17 00:00:00",3236,
"2021-02-18 00:00:00",3140,
"2021-02-19 00:00:00",2994,
"2021-02-20 00:00:00",2991,
"2021-02-21 00:00:00",3039,
"2021-02-22 00:00:00",2623,
"2021-02-23 00:00:00",2475,
"2021-02-24 00:00:00",2296,
"2021-02-25 00:00:00",2165,
"2021-02-26 00:00:00",2036,
"2021-02-27 00:00:00",2197,
"2021-02-28 00:00:00",2181,
"2021-03-01 00:00:00",1841,
"2021-03-02 00:00:00",1664,
"2021-03-03 00:00:00",1611,
"2021-03-04 00:00:00",1488,
"2021-03-05 00:00:00",1443,
"2021-03-06 00:00:00",1637,
"2021-03-07 00:00:00",1612,
"2021-03-08 00:00:00",1321,
"2021-03-09 00:00:00",1205,
"2021-03-10 00:00:00",1128,
"2021-03-11 00:00:00",1079,
"2021-03-12 00:00:00",1014,
"2021-03-13 00:00:00",1115,
"2021-03-14 00:00:00",1114,
"2021-03-15 00:00:00",969,
"2021-03-16 00:00:00",965,
"2021-03-17 00:00:00",866,
"2021-03-18 00:00:00",811,
"2021-03-19 00:00:00",765,
"2021-03-20 00:00:00",969,
"2021-03-21 00:00:00",1060,
"2021-03-22 00:00:00",876,
"2021-03-23 00:00:00",900,
"2021-03-24 00:00:00",884,
"2021-03-25 00:00:00",811,
"2021-03-26 00:00:00",765,
"2021-03-27 00:00:00",863,
"2021-03-28 00:00:00",902,
"2021-03-29 00:00:00",730,
"2021-03-30 00:00:00",673,
"2021-03-31 00:00:00",670,
"2021-04-01 00:00:00",646,
"2021-04-02 00:00:00",709,
"2021-04-03 00:00:00",855,
"2021-04-04 00:00:00",903,
"2021-04-05 00:00:00",879,
"2021-04-06 00:00:00",731,
"2021-04-07 00:00:00",728,
"2021-04-08 00:00:00",624,
"2021-04-09 00:00:00",656,
"2021-04-10 00:00:00",763,
"2021-04-11 00:00:00",796,
"2021-04-12 00:00:00",652,
"2021-04-13 00:00:00",604,
"2021-04-14 00:00:00",628,
"2021-04-15 00:00:00",628,
"2021-04-16 00:00:00",604,
"2021-04-17 00:00:00",695,
"2021-04-18 00:00:00",727,
"2021-04-19 00:00:00",590,
"2021-04-20 00:00:00",574,
"2021-04-21 00:00:00",598,
"2021-04-22 00:00:00",553,
"2021-04-23 00:00:00",594,
"2021-04-24 00:00:00",626,
"2021-04-25 00:00:00",611,
"2021-04-26 00:00:00",563,
"2021-04-27 00:00:00",545,
"2021-04-28 00:00:00",943,
"2021-04-29 00:00:00",1114,
"2021-04-30 00:00:00",1194,
"2021-05-01 00:00:00",1377,
"2021-05-02 00:00:00",1494,
"2021-05-03 00:00:00",1421,
"2021-05-04 00:00:00",1426,
"2021-05-05 00:00:00",1369,
"2021-05-06 00:00:00",1218,
"2021-05-07 00:00:00",1097,
"2021-05-08 00:00:00",1166,
"2021-05-09 00:00:00",1202,
"2021-05-10 00:00:00",998,
"2021-05-11 00:00:00",997,
"2021-05-12 00:00:00",944,
"2021-05-13 00:00:00",904,
"2021-05-14 00:00:00",902,
"2021-05-15 00:00:00",1075,
"2021-05-16 00:00:00",1092,
"2021-05-17 00:00:00",906,
"2021-05-18 00:00:00",874,
"2021-05-19 00:00:00",864,
"2021-05-20 00:00:00",832,
"2021-05-21 00:00:00",786,
"2021-05-22 00:00:00",926,
"2021-05-23 00:00:00",964,
"2021-05-24 00:00:00",820,
"2021-05-25 00:00:00",780,
"2021-05-26 00:00:00",757,
"2021-05-27 00:00:00",692,
"2021-05-28 00:00:00",681,
"2021-05-29 00:00:00",810,
"2021-05-30 00:00:00",803,
"2021-05-31 00:00:00",690,
"2021-06-01 00:00:00",661,
"2021-06-02 00:00:00",639,
"2021-06-03 00:00:00",634,
"2021-06-04 00:00:00",608,
"2021-06-05 00:00:00",746,
"2021-06-06 00:00:00",760,
"2021-06-07 00:00:00",628,
"2021-06-08 00:00:00",603,
"2021-06-09 00:00:00",598,
"2021-06-10 00:00:00",594,
"2021-06-11 00:00:00",584,
"2021-06-12 00:00:00",682,
"2021-06-13 00:00:00",757,
"2021-06-14 00:00:00",727,
"2021-06-15 00:00:00",640,
"2021-06-16 00:00:00",549,
"2021-06-17 00:00:00",541,
"2021-06-18 00:00:00",513,
"2021-06-19 00:00:00",683,
"2021-06-20 00:00:00",668,
"2021-06-21 00:00:00",648,
"2021-06-22 00:00:00",608,
"2021-06-23 00:00:00",569,
"2021-06-24 00:00:00",568,
"2021-06-25 00:00:00",701,
"2021-06-26 00:00:00",965,
"2021-06-27 00:00:00",1050,
"2021-06-28 00:00:00",935,
"2021-06-29 00:00:00",916,
"2021-06-30 00:00:00",906,
"2021-07-01 00:00:00",855,
"2021-07-02 00:00:00",853,
"2021-07-03 00:00:00",904,
"2021-07-04 00:00:00",973,
"2021-07-05 00:00:00",847,
"2021-07-06 00:00:00",806,
"2021-07-07 00:00:00",819,
"2021-07-08 00:00:00",782,
"2021-07-09 00:00:00",718,
"2021-07-10 00:00:00",778,
"2021-07-11 00:00:00",826,
"2021-07-12 00:00:00",694,
"2021-07-13 00:00:00",623,
"2021-07-14 00:00:00",609,
"2021-07-15 00:00:00",578,
"2021-07-16 00:00:00",595,
"2021-07-17 00:00:00",672,
"2021-07-18 00:00:00",644,
"2021-07-19 00:00:00",614,
"2021-07-20 00:00:00",592,
"2021-07-21 00:00:00",552,
"2021-07-22 00:00:00",537,
"2021-07-23 00:00:00",513,
"2021-07-24 00:00:00",611,
"2021-07-25 00:00:00",628,
"2021-07-26 00:00:00",561,
"2021-07-27 00:00:00",530,
"2021-07-28 00:00:00",531,
"2021-07-29 00:00:00",514,
"2021-07-30 00:00:00",518,
"2021-07-31 00:00:00",607,
"2021-08-01 00:00:00",603,
"2021-08-02 00:00:00",540,
"2021-08-03 00:00:00",523,
"2021-08-04 00:00:00",521,
"2021-08-05 00:00:00",466,
"2021-08-06 00:00:00",501,
"2021-08-07 00:00:00",638,
"2021-08-08 00:00:00",639,
"2021-08-09 00:00:00",569,
"2021-08-10 00:00:00",533,
"2021-08-11 00:00:00",484,
"2021-08-12 00:00:00",501,
"2021-08-13 00:00:00",504,
"2021-08-14 00:00:00",527,
"2021-08-15 00:00:00",535,
"2021-08-16 00:00:00",443,
"2021-08-17 00:00:00",483,
"2021-08-18 00:00:00",425,
"2021-08-19 00:00:00",431,
"2021-08-20 00:00:00",402,
"2021-08-21 00:00:00",460,
"2021-08-22 00:00:00",538,
"2021-08-23 00:00:00",463,
"2021-08-24 00:00:00",425,
"2021-08-25 00:00:00",497,
"2021-08-26 00:00:00",421,
"2021-08-27 00:00:00",379,
"2021-08-28 00:00:00",495,
"2021-08-29 00:00:00",518,
"2021-08-30 00:00:00",423,
"2021-08-31 00:00:00",406,
"2021-09-01 00:00:00",407,
"2021-09-02 00:00:00",377,
"2021-09-03 00:00:00",374,
"2021-09-04 00:00:00",424,
"2021-09-05 00:00:00",483,
"2021-09-06 00:00:00",403,
"2021-09-07 00:00:00",384,
"2021-09-08 00:00:00",375,
"2021-09-09 00:00:00",366,
"2021-09-10 00:00:00",344,
"2021-09-11 00:00:00",380,
"2021-09-12 00:00:00",390,
"2021-09-13 00:00:00",345,
"2021-09-14 00:00:00",337,
"2021-09-15 00:00:00",324,
"2021-09-16 00:00:00",324,
"2021-09-17 00:00:00",338,
"2021-09-18 00:00:00",357,
"2021-09-19 00:00:00",441,
"2021-09-20 00:00:00",458,
"2021-09-21 00:00:00",430,
"2021-09-22 00:00:00",402,
"2021-09-23 00:00:00",423,
"2021-09-24 00:00:00",425,
"2021-09-25 00:00:00",454,
"2021-09-26 00:00:00",401,
"2021-09-27 00:00:00",389,
"2021-09-28 00:00:00",356,
"2021-09-29 00:00:00",345,
"2021-09-30 00:00:00",345,
"2021-10-01 00:00:00",389,
"2021-10-02 00:00:00",434,
"2021-10-03 00:00:00",442,
"2021-10-04 00:00:00",448,
"2021-10-05 00:00:00",411,
"2021-10-06 00:00:00",473,
"2021-10-07 00:00:00",423,
"2021-10-08 00:00:00",365,
"2021-10-09 00:00:00",364,
"2021-10-10 00:00:00",421,
"2021-10-11 00:00:00",370,
"2021-10-12 00:00:00",332,
"2021-10-13 00:00:00",341,
"2021-10-14 00:00:00",316,
"2021-10-15 00:00:00",326,
"2021-10-16 00:00:00",367,
"2021-10-17 00:00:00",374,
"2021-10-18 00:00:00",369,
"2021-10-19 00:00:00",337,
"2021-10-20 00:00:00",346,
"2021-10-21 00:00:00",342,
"2021-10-22 00:00:00",313,
"2021-10-23 00:00:00",351,
"2021-10-24 00:00:00",366,
"2021-10-25 00:00:00",300,
"2021-10-26 00:00:00",322,
"2021-10-27 00:00:00",306,
"2021-10-28 00:00:00",293,
"2021-10-29 00:00:00",346,
"2021-10-30 00:00:00",385,
"2021-10-31 00:00:00",419,
"2021-11-01 00:00:00",411,
"2021-11-02 00:00:00",398,
"2021-11-03 00:00:00",370,
"2021-11-04 00:00:00",363,
"2021-11-05 00:00:00",359,
"2021-11-06 00:00:00",374,
"2021-11-07 00:00:00",435,
"2021-11-08 00:00:00",380,
"2021-11-09 00:00:00",332,
"2021-11-10 00:00:00",306,
"2021-11-11 00:00:00",274,
"2021-11-12 00:00:00",292,
"2021-11-13 00:00:00",344,
"2021-11-14 00:00:00",344,
"2021-11-15 00:00:00",322,
"2021-11-16 00:00:00",359,
"2021-11-17 00:00:00",377,
"2021-11-18 00:00:00",394,
"2021-11-19 00:00:00",369,
"2021-11-20 00:00:00",436,
"2021-11-21 00:00:00",430,
"2021-11-22 00:00:00",403,
"2021-11-23 00:00:00",341,
"2021-11-24 00:00:00",339,
"2021-11-25 00:00:00",311,
"2021-11-26 00:00:00",405,
"2021-11-27 00:00:00",504,
"2021-11-28 00:00:00",537,
"2021-11-29 00:00:00",529,
"2021-11-30 00:00:00",492,
"2021-12-01 00:00:00",465,
"2021-12-02 00:00:00",453,
"2021-12-03 00:00:00",431,
"2021-12-04 00:00:00",516,
"2021-12-05 00:00:00",513,
"2021-12-06 00:00:00",464,
"2021-12-07 00:00:00",426,
"2021-12-08 00:00:00",420,
"2021-12-09 00:00:00",401,
"2021-12-10 00:00:00",420,
"2021-12-11 00:00:00",484,
"2021-12-12 00:00:00",468,
"2021-12-13 00:00:00",407,
"2021-12-14 00:00:00",376,
"2021-12-15 00:00:00",382,
"2021-12-16 00:00:00",364,
"2021-12-17 00:00:00",331,
"2021-12-18 00:00:00",359,
"2021-12-19 00:00:00",372,
"2021-12-20 00:00:00",319,
"2021-12-21 00:00:00",331,
"2021-12-22 00:00:00",318,
"2021-12-23 00:00:00",341,
"2021-12-24 00:00:00",361,
"2021-12-25 00:00:00",433,
"2021-12-26 00:00:00",508,
"2021-12-27 00:00:00",518,
"2021-12-28 00:00:00",452,
"2021-12-29 00:00:00",426,
"2021-12-30 00:00:00",407,
"2021-12-31 00:00:00",416,
"2022-01-01 00:00:00",533,
"2022-01-02 00:00:00",596,
"2022-01-03 00:00:00",528,
"2022-01-04 00:00:00",463,
"2022-01-05 00:00:00",480,
"2022-01-06 00:00:00",467,
"2022-01-07 00:00:00",468,
"2022-01-08 00:00:00",494,
"2022-01-09 00:00:00",535,
"2022-01-10 00:00:00",460,
"2022-01-11 00:00:00",440,
"2022-01-12 00:00:00",435,
"2022-01-13 00:00:00",398,
"2022-01-14 00:00:00",411,
"2022-01-15 00:00:00",451,
"2022-01-16 00:00:00",466,
"2022-01-17 00:00:00",426,
"2022-01-18 00:00:00",401,
"2022-01-19 00:00:00",358,
"2022-01-20 00:00:00",355,
"2022-01-21 00:00:00",330,
"2022-01-22 00:00:00",405,
"2022-01-23 00:00:00",426,
"2022-01-24 00:00:00",363,
"2022-01-25 00:00:00",371,
"2022-01-26 00:00:00",382,
"2022-01-27 00:00:00",329,
"2022-01-28 00:00:00",397,
"2022-01-29 00:00:00",443,
"2022-01-30 00:00:00",488,
"2022-01-31 00:00:00",406,
"2022-02-01 00:00:00",545,
"2022-02-02 00:00:00",614,
"2022-02-03 00:00:00",636,
"2022-02-04 00:00:00",596,
"2022-02-05 00:00:00",575,
"2022-02-06 00:00:00",595,
"2022-02-07 00:00:00",551,
"2022-02-08 00:00:00",508,
"2022-02-09 00:00:00",455,
"2022-02-10 00:00:00",461,
"2022-02-11 00:00:00",446,
"2022-02-12 00:00:00",503,
"2022-02-13 00:00:00",533,
"2022-02-14 00:00:00",449,
"2022-02-15 00:00:00",440,
"2022-02-16 00:00:00",417,
"2022-02-17 00:00:00",368,
"2022-02-18 00:00:00",420,
"2022-02-19 00:00:00",467,
"2022-02-20 00:00:00",479,
"2022-02-21 00:00:00",379,
"2022-02-22 00:00:00",364,
"2022-02-23 00:00:00",353,
"2022-02-24 00:00:00",309,
"2022-02-25 00:00:00",310,
"2022-02-26 00:00:00",346,
"2022-02-27 00:00:00",348,
"2022-02-28 00:00:00",294,
"2022-03-01 00:00:00",272,
"2022-03-02 00:00:00",270,
"2022-03-03 00:00:00",264,
"2022-03-04 00:00:00",276,
"2022-03-05 00:00:00",338,
"2022-03-06 00:00:00",342,
"2022-03-07 00:00:00",293,
"2022-03-08 00:00:00",294,
"2022-03-09 00:00:00",326,
"2022-03-10 00:00:00",332,
"2022-03-11 00:00:00",363,
"2022-03-12 00:00:00",436,
"2022-03-13 00:00:00",437,
"2022-03-14 00:00:00",411,
"2022-03-15 00:00:00",365,
"2022-03-16 00:00:00",572,
"2022-03-17 00:00:00",710,
"2022-03-18 00:00:00",788,
"2022-03-19 00:00:00",993,
"2022-03-20 00:00:00",1173,
"2022-03-21 00:00:00",1109,
"2022-03-22 00:00:00",1170,
"2022-03-23 00:00:00",1199,
"2022-03-24 00:00:00",1177,
"2022-03-25 00:00:00",1232,
"2022-03-26 00:00:00",1508,
"2022-03-27 00:00:00",1655,
"2022-03-28 00:00:00",1556,
"2022-03-29 00:00:00",1703,
"2022-03-30 00:00:00",1824,
"2022-03-31 00:00:00",2216,
"2022-04-01 00:00:00",16175,
"2022-04-02 00:00:00",14167,
"2022-04-03 00:00:00",13190,
"2022-04-04 00:00:00",11958,
"2022-04-05 00:00:00",10689,
"2022-04-06 00:00:00",8506,
"2022-04-07 00:00:00",7123,
"2022-04-08 00:00:00",6554,
"2022-04-09 00:00:00",6895,
"2022-04-10 00:00:00",6225,
"2022-04-11 00:00:00",5119,
"2022-04-12 00:00:00",4604,
"2022-04-13 00:00:00",4060,
"2022-04-14 00:00:00",3570,
"2022-04-15 00:00:00",3292,
"2022-04-16 00:00:00",3546,
"2022-04-17 00:00:00",3298,
"2022-04-18 00:00:00",2724,
"2022-04-19 00:00:00",2473,
"2022-04-20 00:00:00",2292,
"2022-04-21 00:00:00",2163,
"2022-04-22 00:00:00",1978,
"2022-04-23 00:00:00",2095,
"2022-04-24 00:00:00",1926,
"2022-04-25 00:00:00",1741,
"2022-04-26 00:00:00",1586,
"2022-04-27 00:00:00",1503,
"2022-04-28 00:00:00",1429,
"2022-04-29 00:00:00",1319,
"2022-04-30 00:00:00",1553,
"2022-05-01 00:00:00",1486,
"2022-05-02 00:00:00",1569,
"2022-05-03 00:00:00",1426,
"2022-05-04 00:00:00",1284,
"2022-05-05 00:00:00",1101,
"2022-05-06 00:00:00",967,
"2022-05-07 00:00:00",1069,
"2022-05-08 00:00:00",1075,
"2022-05-09 00:00:00",925,
"2022-05-10 00:00:00",809,
"2022-05-11 00:00:00",804,
"2022-05-12 00:00:00",741,
"2022-05-13 00:00:00",683,
"2022-05-14 00:00:00",777,
"2022-05-15 00:00:00",798,
"2022-05-16 00:00:00",707,
"2022-05-17 00:00:00",632,
"2022-05-18 00:00:00",638,
"2022-05-19 00:00:00",586,
"2022-05-20 00:00:00",543,
"2022-05-21 00:00:00",611,
"2022-05-22 00:00:00",631,
"2022-05-23 00:00:00",538,
"2022-05-24 00:00:00",498,
"2022-05-25 00:00:00",509,
"2022-05-26 00:00:00",480,
"2022-05-27 00:00:00",483,
"2022-05-28 00:00:00",556,
"2022-05-29 00:00:00",562,
"2022-05-30 00:00:00",500,
"2022-05-31 00:00:00",498,
"2022-06-01 00:00:00",472,
"2022-06-02 00:00:00",449,
"2022-06-03 00:00:00",520,
"2022-06-04 00:00:00",551,
"2022-06-05 00:00:00",579,
"2022-06-06 00:00:00",506,
"2022-06-07 00:00:00",506,
"2022-06-08 00:00:00",445,
"2022-06-09 00:00:00",424,
"2022-06-10 00:00:00",383,
"2022-06-11 00:00:00",472,
"2022-06-12 00:00:00",466,
"2022-06-13 00:00:00",436,
"2022-06-14 00:00:00",419,
"2022-06-15 00:00:00",393,
"2022-06-16 00:00:00",350,
"2022-06-17 00:00:00",331,
"2022-06-18 00:00:00",399,
"2022-06-19 00:00:00",424,
"2022-06-20 00:00:00",372,
"2022-06-21 00:00:00",397,
"2022-06-22 00:00:00",354,
"2022-06-23 00:00:00",336,
"2022-06-24 00:00:00",352,
"2022-06-25 00:00:00",430,
"2022-06-26 00:00:00",479,
"2022-06-27 00:00:00",420,
"2022-06-28 00:00:00",403,
"2022-06-29 00:00:00",396,
"2022-06-30 00:00:00",360,
"2022-07-01 00:00:00",340,
"2022-07-02 00:00:00",427,
"2022-07-03 00:00:00",430,
"2022-07-04 00:00:00",384,
"2022-07-05 00:00:00",368,
"2022-07-06 00:00:00",382,
"2022-07-07 00:00:00",373,
"2022-07-08 00:00:00",353,
"2022-07-09 00:00:00",428,
"2022-07-10 00:00:00",412,
"2022-07-11 00:00:00",361,
"2022-07-12 00:00:00",348,
"2022-07-13 00:00:00",343,
"2022-07-14 00:00:00",328,
"2022-07-15 00:00:00",313,
"2022-07-16 00:00:00",355,
"2022-07-17 00:00:00",411,
"2022-07-18 00:00:00",384,
"2022-07-19 00:00:00",423,
"2022-07-20 00:00:00",1646,
"2022-07-21 00:00:00",1680,
"2022-07-22 00:00:00",1650,
"2022-07-23 00:00:00",1836,
"2022-07-24 00:00:00",1887,
"2022-07-25 00:00:00",1715,
"2022-07-26 00:00:00",1642,
"2022-07-27 00:00:00",1604,
"2022-07-28 00:00:00",1472,
"2022-07-29 00:00:00",1408,
"2022-07-30 00:00:00",1518,
"2022-07-31 00:00:00",1420,
"2022-08-01 00:00:00",1293,
"2022-08-02 00:00:00",1220,
"2022-08-03 00:00:00",1227,
"2022-08-04 00:00:00",1130,
"2022-08-05 00:00:00",1173,
"2022-08-06 00:00:00",1258,
"2022-08-07 00:00:00",1301,
"2022-08-08 00:00:00",1149,
"2022-08-09 00:00:00",1113,
"2022-08-10 00:00:00",1053,
"2022-08-11 00:00:00",1001,
"2022-08-12 00:00:00",970,
"2022-08-13 00:00:00",1024,
"2022-08-14 00:00:00",1029,
"2022-08-15 00:00:00",958,
"2022-08-16 00:00:00",904,
"2022-08-17 00:00:00",887,
"2022-08-18 00:00:00",812,
"2022-08-19 00:00:00",775,
"2022-08-20 00:00:00",938,
"2022-08-21 00:00:00",965,
"2022-08-22 00:00:00",853,
"2022-08-23 00:00:00",827,
"2022-08-24 00:00:00",756,
"2022-08-25 00:00:00",730,
"2022-08-26 00:00:00",686,
"2022-08-27 00:00:00",840,
"2022-08-28 00:00:00",844,
"2022-08-29 00:00:00",754,
"2022-08-30 00:00:00",708,
"2022-08-31 00:00:00",714,
"2022-09-01 00:00:00",653,
"2022-09-02 00:00:00",669,
"2022-09-03 00:00:00",815,
"2022-09-04 00:00:00",820,
"2022-09-05 00:00:00",758,
"2022-09-06 00:00:00",680,
"2022-09-07 00:00:00",696,
"2022-09-08 00:00:00",626,
"2022-09-09 00:00:00",609,
"2022-09-10 00:00:00",692,
"2022-09-11 00:00:00",766,
"2022-09-12 00:00:00",746,
"2022-09-13 00:00:00",624,
"2022-09-14 00:00:00",640,
"2022-09-15 00:00:00",554,
"2022-09-16 00:00:00",571,
"2022-09-17 00:00:00",707,
"2022-09-18 00:00:00",662,
"2022-09-19 00:00:00",596,
"2022-09-20 00:00:00",522,
"2022-09-21 00:00:00",496,
"2022-09-22 00:00:00",481,
"2022-09-23 00:00:00",451,219
"2022-09-24 00:00:00",533,317
"2022-09-25 00:00:00",573,334
"2022-09-26 00:00:00",464,228
"2022-09-27 00:00:00",422,196
"2022-09-28 00:00:00",393,186
"2022-09-29 00:00:00",382,172
"2022-09-30 00:00:00",400,181
"2022-10-01 00:00:00",475,280
"2022-10-02 00:00:00",495,295
"2022-10-03 00:00:00",489,297
"2022-10-04 00:00:00",557,319
"2022-10-05 00:00:00",490,307
"2022-10-06 00:00:00",480,305
"2022-10-07 00:00:00",482,297
"2022-10-08 00:00:00",461,221
"2022-10-09 00:00:00",486,253
"2022-10-10 00:00:00",466,244
"2022-10-11 00:00:00",455,214
"2022-10-12 00:00:00",441,214
"2022-10-13 00:00:00",449,225
"2022-10-14 00:00:00",424,213
"2022-10-15 00:00:00",511,297
"2022-10-16 00:00:00",542,323
"2022-10-17 00:00:00",467,227
"2022-10-18 00:00:00",489,245
"2022-10-19 00:00:00",427,219
"2022-10-20 00:00:00",431,220
"2022-10-21 00:00:00",434,219
"2022-10-22 00:00:00",514,287
"2022-10-23 00:00:00",516,303
"2022-10-24 00:00:00",459,237
"2022-10-25 00:00:00",454,219
"2022-10-26 00:00:00",433,198
"2022-10-27 00:00:00",394,190
"2022-10-28 00:00:00",399,200
"2022-10-29 00:00:00",460,265
"2022-10-30 00:00:00",492,285
"2022-10-31 00:00:00",422,194
"2022-11-01 00:00:00",436,195
"2022-11-02 00:00:00",426,220
"2022-11-03 00:00:00",414,201
"2022-11-04 00:00:00",395,194
"2022-11-05 00:00:00",430,259
"2022-11-06 00:00:00",438,258
"2022-11-07 00:00:00",385,166
"2022-11-08 00:00:00",385,173
"2022-11-09 00:00:00",384,178
"2022-11-10 00:00:00",381,182
"2022-11-11 00:00:00",391,193
"2022-11-12 00:00:00",433,248
"2022-11-13 00:00:00",413,240
"2022-11-14 00:00:00",374,166
"2022-11-15 00:00:00",722,355
"2022-11-16 00:00:00",835,448
"2022-11-17 00:00:00",806,444
"2022-11-18 00:00:00",810,467
"2022-11-19 00:00:00",981,645
"2022-11-20 00:00:00",1091,709
"2022-11-21 00:00:00",1000,547
"2022-11-22 00:00:00",1017,534
"2022-11-23 00:00:00",903,502
"2022-11-24 00:00:00",863,490
"2022-11-25 00:00:00",842,483
"2022-11-26 00:00:00",922,605
"2022-11-27 00:00:00",891,594
"2022-11-28 00:00:00",823,475
"2022-11-29 00:00:00",754,438
"2022-11-30 00:00:00",750,435
"2022-12-01 00:00:00",740,413
"2022-12-02 00:00:00",720,403
"2022-12-03 00:00:00",834,540
"2022-12-04 00:00:00",844,551
"2022-12-05 00:00:00",691,389
"2022-12-06 00:00:00",1012,523
"2022-12-07 00:00:00",670,366
"2022-12-08 00:00:00",652,345
"2022-12-09 00:00:00",608,348
"2022-12-10 00:00:00",672,431
"2022-12-11 00:00:00",682,445
"2022-12-12 00:00:00",609,315
"2022-12-13 00:00:00",597,317
"2022-12-14 00:00:00",554,298
"2022-12-15 00:00:00",531,296
"2022-12-16 00:00:00",552,315
"2022-12-17 00:00:00",609,397
"2022-12-18 00:00:00",639,411
"2022-12-19 00:00:00",542,305
"2022-12-20 00:00:00",521,302
"2022-12-21 00:00:00",520,306
"2022-12-22 00:00:00",502,299
"2022-12-23 00:00:00",531,296
"2022-12-24 00:00:00",643,427
"2022-12-25 00:00:00",721,478
"2022-12-26 00:00:00",697,414
"2022-12-27 00:00:00",679,401
"2022-12-28 00:00:00",708,410
"2022-12-29 00:00:00",689,407
"2022-12-30 00:00:00",709,433
"2022-12-31 00:00:00",751,514
"2023-01-01 00:00:00",881,572
"2023-01-02 00:00:00",909,576
"2023-01-03 00:00:00",770,411
"2023-01-04 00:00:00",730,383
"2023-01-05 00:00:00",728,401
"2023-01-06 00:00:00",704,382
"2023-01-07 00:00:00",769,475
"2023-01-08 00:00:00",749,482
"2023-01-09 00:00:00",690,363
"2023-01-10 00:00:00",655,344
"2023-01-11 00:00:00",632,334
"2023-01-12 00:00:00",591,310
"2023-01-13 00:00:00",539,294
"2023-01-14 00:00:00",657,393
"2023-01-15 00:00:00",658,413
"2023-01-16 00:00:00",583,318
"2023-01-17 00:00:00",566,298
"2023-01-18 00:00:00",539,301
"2023-01-19 00:00:00",559,320
"2023-01-20 00:00:00",533,322
"2023-01-21 00:00:00",511,304
"2023-01-22 00:00:00",632,366
"2023-01-23 00:00:00",650,412
"2023-01-24 00:00:00",706,444
"2023-01-25 00:00:00",701,445
"2023-01-26 00:00:00",702,452
"2023-01-27 00:00:00",687,446
"2023-01-28 00:00:00",703,424
"2023-01-29 00:00:00",710,404
"2023-01-30 00:00:00",636,348
"2023-01-31 00:00:00",560,306
"2023-02-01 00:00:00",523,292
"2023-02-02 00:00:00",550,289
"2023-02-03 00:00:00",544,286
"2023-02-04 00:00:00",606,353
"2023-02-05 00:00:00",609,354
"2023-02-06 00:00:00",566,282
"2023-02-07 00:00:00",510,243
"2023-02-08 00:00:00",518,243
"2023-02-09 00:00:00",489,242
"2023-02-10 00:00:00",491,230
"2023-02-11 00:00:00",517,293
"2023-02-12 00:00:00",552,323
"2023-02-13 00:00:00",462,217
"2023-02-14 00:00:00",446,209
"2023-02-15 00:00:00",439,202
"2023-02-16 00:00:00",439,199
"2023-02-17 00:00:00",410,195
"2023-02-18 00:00:00",451,259
"2023-02-19 00:00:00",473,264
"2023-02-20 00:00:00",445,196
"2023-02-21 00:00:00",419,184
"2023-02-22 00:00:00",426,185
"2023-02-23 00:00:00",388,177
"2023-02-24 00:00:00",358,166
"2023-02-25 00:00:00",432,225
"2023-02-26 00:00:00",428,227
"2023-02-27 00:00:00",362,172
"2023-02-28 00:00:00",403,177
"2023-03-01 00:00:00",378,161
"2023-03-02 00:00:00",405,168
"2023-03-03 00:00:00",351,172
"2023-03-04 00:00:00",395,229
"2023-03-05 00:00:00",431,233
"2023-03-06 00:00:00",386,164
"2023-03-07 00:00:00",345,156
"2023-03-08 00:00:00",347,153
"2023-03-09 00:00:00",345,148
"2023-03-10 00:00:00",335,154
"2023-03-11 00:00:00",380,197
"2023-03-12 00:00:00",410,226
"2023-03-13 00:00:00",400,168
"2023-03-14 00:00:00",387,160
"2023-03-15 00:00:00",383,164
"2023-03-16 00:00:00",405,172
"2023-03-17 00:00:00",398,184
"2023-03-18 00:00:00",531,280
"2023-03-19 00:00:00",604,315
"2023-03-20 00:00:00",546,243
"2023-03-21 00:00:00",551,251
"2023-03-22 00:00:00",588,287
"2023-03-23 00:00:00",569,271
"2023-03-24 00:00:00",531,259
"2023-03-25 00:00:00",568,305
"2023-03-26 00:00:00",612,326
"2023-03-27 00:00:00",544,246
"2023-03-28 00:00:00",488,220
"2023-03-29 00:00:00",495,209
"2023-03-30 00:00:00",500,206
"2023-03-31 00:00:00",441,206
"2023-04-01 00:00:00",577,301
"2023-04-02 00:00:00",582,320
"2023-04-03 00:00:00",555,239
"2023-04-04 00:00:00",552,254
"2023-04-05 00:00:00",619,366
"2023-04-06 00:00:00",528,220
"2023-04-07 00:00:00",466,222
"2023-04-08 00:00:00",543,294
"2023-04-09 00:00:00",592,346
"2023-04-10 00:00:00",521,214
"2023-04-11 00:00:00",491,206
"2023-04-12 00:00:00",448,187
"2023-04-13 00:00:00",448,178
"2023-04-14 00:00:00",412,190
"2023-04-15 00:00:00",499,271
"2023-04-16 00:00:00",500,276
"2023-04-17 00:00:00",453,189
"2023-04-18 00:00:00",431,186
"2023-04-19 00:00:00",440,185
"2023-04-20 00:00:00",427,183
"2023-04-21 00:00:00",389,184
"2023-04-22 00:00:00",457,251
"2023-04-23 00:00:00",448,221
"2023-04-24 00:00:00",418,175
"2023-04-25 00:00:00",384,176
"2023-04-26 00:00:00",355,150
"2023-04-27 00:00:00",322,144
"2023-04-28 00:00:00",336,160
"2023-04-29 00:00:00",372,212
"2023-04-30 00:00:00",373,214
"2023-05-01 00:00:00",389,217
"2023-05-02 00:00:00",366,201
"2023-05-03 00:00:00",393,206
"2023-05-04 00:00:00",364,150
"2023-05-05 00:00:00",340,154
"2023-05-06 00:00:00",369,182
"2023-05-07 00:00:00",413,223
"2023-05-08 00:00:00",346,147
"2023-05-09 00:00:00",346,144
"2023-05-10 00:00:00",326,135
"2023-05-11 00:00:00",315,145
"2023-05-12 00:00:00",300,140
"2023-05-13 00:00:00",340,188
"2023-05-14 00:00:00",329,187
"2023-05-15 00:00:00",314,137
"2023-05-16 00:00:00",300,129
"2023-05-17 00:00:00",298,124
"2023-05-18 00:00:00",290,125
"2023-05-19 00:00:00",273,129
"2023-05-20 00:00:00",335,169
"2023-05-21 00:00:00",321,173
"2023-05-22 00:00:00",308,125
"2023-05-23 00:00:00",311,129
"2023-05-24 00:00:00",294,129
"2023-05-25 00:00:00",280,126
"2023-05-26 00:00:00",240,126
"2023-05-27 00:00:00",271,161
"2023-05-28 00:00:00",289,172
"2023-05-29 00:00:00",261,117
"2023-05-30 00:00:00",260,114
"2023-05-31 00:00:00",228,106
"2023-06-01 00:00:00",247,107
"2023-06-02 00:00:00",245,107
"2023-06-03 00:00:00",294,155
"2023-06-04 00:00:00",278,158
"2023-06-05 00:00:00",256,111
"2023-06-06 00:00:00",249,104
"2023-06-07 00:00:00",266,113
"2023-06-08 00:00:00",239,104
"2023-06-09 00:00:00",239,107
"2023-06-10 00:00:00",278,149
"2023-06-11 00:00:00",274,149
"2023-06-12 00:00:00",248,106
"2023-06-13 00:00:00",245,107
"2023-06-14 00:00:00",233,104
"2023-06-15 00:00:00",215,103
"2023-06-16 00:00:00",233,109
"2023-06-17 00:00:00",291,159
"2023-06-18 00:00:00",294,164
"2023-06-19 00:00:00",238,106
"2023-06-20 00:00:00",239,106
"2023-06-21 00:00:00",225,104
"2023-06-22 00:00:00",288,149
"2023-06-23 00:00:00",292,156
"2023-06-24 00:00:00",309,170
"2023-06-25 00:00:00",283,140
"2023-06-26 00:00:00",294,124
"2023-06-27 00:00:00",266,122
"2023-06-28 00:00:00",255,116
"2023-06-29 00:00:00",243,112
"2023-06-30 00:00:00",291,129
"2023-07-01 00:00:00",340,185
"2023-07-02 00:00:00",366,214
"2023-07-03 00:00:00",364,161
"2023-07-04 00:00:00",383,180
"2023-07-05 00:00:00",354,166
"2023-07-06 00:00:00",340,167
"2023-07-07 00:00:00",340,162
"2023-07-08 00:00:00",405,237
"2023-07-09 00:00:00",478,271
"2023-07-10 00:00:00",457,191
"2023-07-11 00:00:00",413,177
"2023-07-12 00:00:00",383,177
"2023-07-13 00:00:00",397,180
"2023-07-14 00:00:00",374,175
"2023-07-15 00:00:00",422,235
"2023-07-16 00:00:00",434,242
"2023-07-17 00:00:00",387,181
"2023-07-18 00:00:00",368,173
"2023-07-19 00:00:00",325,149
"2023-07-20 00:00:00",329,144
"2023-07-21 00:00:00",299,149
"2023-07-22 00:00:00",339,187
"2023-07-23 00:00:00",378,198
"2023-07-24 00:00:00",339,147
"2023-07-25 00:00:00",313,140
"2023-07-26 00:00:00",309,136
"2023-07-27 00:00:00",298,138
"2023-07-28 00:00:00",308,144
"2023-07-29 00:00:00",331,190
"2023-07-30 00:00:00",413,216
"2023-07-31 00:00:00",370,155
"2023-08-01 00:00:00",348,151
"2023-08-02 00:00:00",342,141
"2023-08-03 00:00:00",308,143
"2023-08-04 00:00:00",305,140
"2023-08-05 00:00:00",344,188
"2023-08-06 00:00:00",368,196
"2023-08-07 00:00:00",332,139
"2023-08-08 00:00:00",310,128
"2023-08-09 00:00:00",312,129
"2023-08-10 00:00:00",277,123
"2023-08-11 00:00:00",278,124
"2023-08-12 00:00:00",290,159
"2023-08-13 00:00:00",308,167
"2023-08-14 00:00:00",252,116
"2023-08-15 00:00:00",270,118
"2023-08-16 00:00:00",252,122
"2023-08-17 00:00:00",235,120
"2023-08-18 00:00:00",226,122
"2023-08-19 00:00:00",298,167
"2023-08-20 00:00:00",298,170
"2023-08-21 00:00:00",278,119
"2023-08-22 00:00:00",247,110
"2023-08-23 00:00:00",255,111
"2023-08-24 00:00:00",231,110
"2023-08-25 00:00:00",236,107
"2023-08-26 00:00:00",259,151
"2023-08-27 00:00:00",296,165
"2023-08-28 00:00:00",257,107
"2023-08-29 00:00:00",254,109
"2023-08-30 00:00:00",232,104
"2023-08-31 00:00:00",224,103
"2023-09-01 00:00:00",247,106
"2023-09-02 00:00:00",271,149
"2023-09-03 00:00:00",298,158
"2023-09-04 00:00:00",247,114
"2023-09-05 00:00:00",235,101
"2023-09-06 00:00:00",239,96
"2023-09-07 00:00:00",201,91
"2023-09-08 00:00:00",210,103
"2023-09-09 00:00:00",273,147
"2023-09-10 00:00:00",277,152
"2023-09-11 00:00:00",240,100
"2023-09-12 00:00:00",247,101
"2023-09-13 00:00:00",248,107
"2023-09-14 00:00:00",224,104
"2023-09-15 00:00:00",233,106
"2023-09-16 00:00:00",261,145
"2023-09-17 00:00:00",264,143
"2023-09-18 00:00:00",234,103
"2023-09-19 00:00:00",222,103
"2023-09-20 00:00:00",218,101
"2023-09-21 00:00:00",222,108
"2023-09-22 00:00:00",224,103
"2023-09-23 00:00:00",235,130
"2023-09-24 00:00:00",244,138
"2023-09-25 00:00:00",204,94
"2023-09-26 00:00:00",217,91
"2023-09-27 00:00:00",201,85
"2023-09-28 00:00:00",197,90
"2023-09-29 00:00:00",205,106
"2023-09-30 00:00:00",214,122
"2023-10-01 00:00:00",250,129
"2023-10-02 00:00:00",222,125
"2023-10-03 00:00:00",222,121
"2023-10-04 00:00:00",248,129
"2023-10-05 00:00:00",265,142
"2023-10-06 00:00:00",241,140
"2023-10-07 00:00:00",245,111
"2023-10-08 00:00:00",266,121
"2023-10-09 00:00:00",239,112
"2023-10-10 00:00:00",245,108
"2023-10-11 00:00:00",236,98
"2023-10-12 00:00:00",235,91
"2023-10-13 00:00:00",224,102
"2023-10-14 00:00:00",255,144
"2023-10-15 00:00:00",267,146
"2023-10-16 00:00:00",244,105
"2023-10-17 00:00:00",221,96
"2023-10-18 00:00:00",219,91
"2023-10-19 00:00:00",219,95
"2023-10-20 00:00:00",209,105
"2023-10-21 00:00:00",248,144
"2023-10-22 00:00:00",271,145
"2023-10-23 00:00:00",245,99
"2023-10-24 00:00:00",254,108
"2023-10-25 00:00:00",233,103
"2023-10-26 00:00:00",224,99
"2023-10-27 00:00:00",235,107
"2023-10-28 00:00:00",288,152
"2023-10-29 00:00:00",309,161
"2023-10-30 00:00:00",270,115
"2023-10-31 00:00:00",307,123
"2023-11-01 00:00:00",284,124
"2023-11-02 00:00:00",269,119
"2023-11-03 00:00:00",253,119
"2023-11-04 00:00:00",295,167
"2023-11-05 00:00:00",304,168
"2023-11-06 00:00:00",283,120
"2023-11-07 00:00:00",262,115
"2023-11-08 00:00:00",224,103
"2023-11-09 00:00:00",228,100
"2023-11-10 00:00:00",240,106
"2023-11-11 00:00:00",272,152
"2023-11-12 00:00:00",287,149
"2023-11-13 00:00:00",237,106
"2023-11-14 00:00:00",242,98
"2023-11-15 00:00:00",211,91
"2023-11-16 00:00:00",221,90
"2023-11-17 00:00:00",205,94
"2023-11-18 00:00:00",239,127
"2023-11-19 00:00:00",267,138
"2023-11-20 00:00:00",230,96
"2023-11-21 00:00:00",224,97
"2023-11-22 00:00:00",225,103
"2023-11-23 00:00:00",242,111
"2023-11-24 00:00:00",247,111
"2023-11-25 00:00:00",276,152
"2023-11-26 00:00:00",303,161
"2023-11-27 00:00:00",265,114
"2023-11-28 00:00:00",291,125
"2023-11-29 00:00:00",289,129
"2023-11-30 00:00:00",257,113
"2023-12-01 00:00:00",246,116
"2023-12-02 00:00:00",291,156
"2023-12-03 00:00:00",321,167
"2023-12-04 00:00:00",288,120
"2023-12-05 00:00:00",249,107
"2023-12-06 00:00:00",256,103
"2023-12-07 00:00:00",223,101
"2023-12-08 00:00:00",228,98
"2023-12-09 00:00:00",259,137
"2023-12-10 00:00:00",264,151
"2023-12-11 00:00:00",241,105
"2023-12-12 00:00:00",239,104
"2023-12-13 00:00:00",232,98
"2023-12-14 00:00:00",231,93
"2023-12-15 00:00:00",213,97
"2023-12-16 00:00:00",263,139
"2023-12-17 00:00:00",256,139
"2023-12-18 00:00:00",241,99
"2023-12-19 00:00:00",239,105
"2023-12-20 00:00:00",223,101
"2023-12-21 00:00:00",206,89
"2023-12-22 00:00:00",191,86
"2023-12-23 00:00:00",238,127
"2023-12-24 00:00:00",231,126
"2023-12-25 00:00:00",236,106
"2023-12-26 00:00:00",251,114
"2023-12-27 00:00:00",274,120
"2023-12-28 00:00:00",257,118
"2023-12-29 00:00:00",266,125
"2023-12-30 00:00:00",313,174
"2023-12-31 00:00:00",298,180
"2024-01-01 00:00:00",320,190
"2024-01-02 00:00:00",326,144
"2024-01-03 00:00:00",304,138
"2024-01-04 00:00:00",288,138
"2024-01-05 00:00:00",277,135
"2024-01-06 00:00:00",349,188
"2024-01-07 00:00:00",343,190
"2024-01-08 00:00:00",337,134
"2024-01-09 00:00:00",304,138
"2024-01-10 00:00:00",320,140
"2024-01-11 00:00:00",288,134
"2024-01-12 00:00:00",313,149
"2024-01-13 00:00:00",341,193
"2024-01-14 00:00:00",343,190
"2024-01-15 00:00:00",309,138
"2024-01-16 00:00:00",305,137
"2024-01-17 00:00:00",317,142
"2024-01-18 00:00:00",286,135
"2024-01-19 00:00:00",278,135
"2024-01-20 00:00:00",321,171
"2024-01-21 00:00:00",318,185
"2024-01-22 00:00:00",298,129
"2024-01-23 00:00:00",286,124
"2024-01-24 00:00:00",274,120
"2024-01-25 00:00:00",254,112
"2024-01-26 00:00:00",236,104
"2024-01-27 00:00:00",284,153
"2024-01-28 00:00:00",291,161
"2024-01-29 00:00:00",293,120
"2024-01-30 00:00:00",289,131
"2024-01-31 00:00:00",271,123
"2024-02-01 00:00:00",254,122
"2024-02-02 00:00:00",285,129
"2024-02-03 00:00:00",327,183
"2024-02-04 00:00:00",325,166
"2024-02-05 00:00:00",340,155
"2024-02-06 00:00:00",280,143
"2024-02-07 00:00:00",306,155
"2024-02-08 00:00:00",320,163
"2024-02-09 00:00:00",292,165
"2024-02-10 00:00:00",335,179
"2024-02-11 00:00:00",333,181
"2024-02-12 00:00:00",349,192
"2024-02-13 00:00:00",360,196
"2024-02-14 00:00:00",338,193
"2024-02-15 00:00:00",356,195
"2024-02-16 00:00:00",369,192
"2024-02-17 00:00:00",356,205
"2024-02-18 00:00:00",352,180
"2024-02-19 00:00:00",316,153
"2024-02-20 00:00:00",341,149
"2024-02-21 00:00:00",316,144
"2024-02-22 00:00:00",317,147
"2024-02-23 00:00:00",301,151
"2024-02-24 00:00:00",366,194
"2024-02-25 00:00:00",337,188
"2024-02-26 00:00:00",312,130
"2024-02-27 00:00:00",304,130
"2024-02-28 00:00:00",288,132
"2024-02-29 00:00:00",274,122
"2024-03-01 00:00:00",268,127
"2024-03-02 00:00:00",308,169
"2024-03-03 00:00:00",317,171
"2024-03-04 00:00:00",265,119
"2024-03-05 00:00:00",259,114
"2024-03-06 00:00:00",251,111
"2024-03-07 00:00:00",233,103
"2024-03-08 00:00:00",220,104
"2024-03-09 00:00:00",241,148
"2024-03-10 00:00:00",260,148
"2024-03-11 00:00:00",241,106
"2024-03-12 00:00:00",216,96
"2024-03-13 00:00:00",231,100
"2024-03-14 00:00:00",198,90
"2024-03-15 00:00:00",221,103
"2024-03-16 00:00:00",254,139
"2024-03-17 00:00:00",264,151
"2024-03-18 00:00:00",260,103
"2024-03-19 00:00:00",240,101
"2024-03-20 00:00:00",247,108
"2024-03-21 00:00:00",240,105
"2024-03-22 00:00:00",223,103
"2024-03-23 00:00:00",272,143
"2024-03-24 00:00:00",255,142
"2024-03-25 00:00:00",225,100
"2024-03-26 00:00:00",230,101
"2024-03-27 00:00:00",197,87
"2024-03-28 00:00:00",213,85
"2024-03-29 00:00:00",200,93
"2024-03-30 00:00:00",215,124
"2024-03-31 00:00:00",218,121
"2024-04-01 00:00:00",202,92
"2024-04-02 00:00:00",198,85
"2024-04-03 00:00:00",209,95
"2024-04-04 00:00:00",251,132
"2024-04-05 00:00:00",234,131
"2024-04-06 00:00:00",229,131
"2024-04-07 00:00:00",221,100
"2024-04-08 00:00:00",200,90
"2024-04-09 00:00:00",196,86
"2024-04-10 00:00:00",201,88
"2024-04-11 00:00:00",178,87
"2024-04-12 00:00:00",169,85
"2024-04-13 00:00:00",204,119
"2024-04-14 00:00:00",211,115
"2024-04-15 00:00:00",187,78
"2024-04-16 00:00:00",178,77
"2024-04-17 00:00:00",184,74
"2024-04-18 00:00:00",163,74
"2024-04-19 00:00:00",171,78
"2024-04-20 00:00:00",180,106
"2024-04-21 00:00:00",193,105
"2024-04-22 00:00:00",180,76
"2024-04-23 00:00:00",167,77
"2024-04-24 00:00:00",157,75
"2024-04-25 00:00:00",151,70
"2024-04-26 00:00:00",139,68
"2024-04-27 00:00:00",179,99
"2024-04-28 00:00:00",193,85
"2024-04-29 00:00:00",161,67
"2024-04-30 00:00:00",155,78
"2024-05-01 00:00:00",185,102
"2024-05-02 00:00:00",183,93
"2024-05-03 00:00:00",179,95
"2024-05-04 00:00:00",201,113
"2024-05-05 00:00:00",224,112
"2024-05-06 00:00:00",184,79
"2024-05-07 00:00:00",151,70
"2024-05-08 00:00:00",150,67
"2024-05-09 00:00:00",133,65
"2024-05-10 00:00:00",153,66
"2024-05-11 00:00:00",177,81
"2024-05-12 00:00:00",175,94
"2024-05-13 00:00:00",142,67
"2024-05-14 00:00:00",139,64
"2024-05-15 00:00:00",150,66
"2024-05-16 00:00:00",129,65
"2024-05-17 00:00:00",129,57
"2024-05-18 00:00:00",156,81
"2024-05-19 00:00:00",143,84
"2024-05-20 00:00:00",135,62
"2024-05-21 00:00:00",143,57
"2024-05-22 00:00:00",138,58
"2024-05-23 00:00:00",110,52
"2024-05-24 00:00:00",117,55
"2024-05-25 00:00:00",137,71
"2024-05-26 00:00:00",147,74
"2024-05-27 00:00:00",103,52
"2024-05-28 00:00:00",99,47
"2024-05-29 00:00:00",111,56
"2024-05-30 00:00:00",114,52
"2024-05-31 00:00:00",105,48
"2024-06-01 00:00:00",132,64
"2024-06-02 00:00:00",133,78
"2024-06-03 00:00:00",143,61
"2024-06-04 00:00:00",137,61
"2024-06-05 00:00:00",126,57
"2024-06-06 00:00:00",129,63
"2024-06-07 00:00:00",130,66
"2024-06-08 00:00:00",161,94
"2024-06-09 00:00:00",169,99
"2024-06-10 00:00:00",170,94
"2024-06-11 00:00:00",144,68
"2024-06-12 00:00:00",125,65
"2024-06-13 00:00:00",129,57
"2024-06-14 00:00:00",124,62
"2024-06-15 00:00:00",163,88
"2024-06-16 00:00:00",190,105
"2024-06-17 00:00:00",163,81
"2024-06-18 00:00:00",192,83
"2024-06-19 00:00:00",181,83
"2024-06-20 00:00:00",172,85
"2024-06-21 00:00:00",154,78
"2024-06-22 00:00:00",182,103
"2024-06-23 00:00:00",206,118
"2024-06-24 00:00:00",195,88
"2024-06-25 00:00:00",170,86
"2024-06-26 00:00:00",184,84
"2024-06-27 00:00:00",182,80
"2024-06-28 00:00:00",170,84
"2024-06-29 00:00:00",210,116
"2024-06-30 00:00:00",215,121
"2024-07-01 00:00:00",198,91
"2024-07-02 00:00:00",210,94
"2024-07-03 00:00:00",203,91
"2024-07-04 00:00:00",192,92
"2024-07-05 00:00:00",188,94
"2024-07-06 00:00:00",208,119
"2024-07-07 00:00:00",240,130
"2024-07-08 00:00:00",219,97
"2024-07-09 00:00:00",204,93
"2024-07-10 00:00:00",238,107
"2024-07-11 00:00:00",227,106
"2024-07-12 00:00:00",199,105
"2024-07-13 00:00:00",247,139
"2024-07-14 00:00:00",259,147
"2024-07-15 00:00:00",209,105
"2024-07-16 00:00:00",188,95
"2024-07-17 00:00:00",204,97
"2024-07-18 00:00:00",186,89
"2024-07-19 00:00:00",176,90
"2024-07-20 00:00:00",194,109
"2024-07-21 00:00:00",208,115
"2024-07-22 00:00:00",187,83
"2024-07-23 00:00:00",178,87
"2024-07-24 00:00:00",194,90
"2024-07-25 00:00:00",174,92
"2024-07-26 00:00:00",152,82
"2024-07-27 00:00:00",186,106
"2024-07-28 00:00:00",207,112
"2024-07-29 00:00:00",171,74
"2024-07-30 00:00:00",162,78
"2024-07-31 00:00:00",172,78
"2024-08-01 00:00:00",135,68
"2024-08-02 00:00:00",132,68
"2024-08-03 00:00:00",152,89
"2024-08-04 00:00:00",188,101
"2024-08-05 00:00:00",166,77
"2024-08-06 00:00:00",140,71
"2024-08-07 00:00:00",147,68
"2024-08-08 00:00:00",143,66
"2024-08-09 00:00:00",144,65
"2024-08-10 00:00:00",183,94
"2024-08-11 00:00:00",181,100
"2024-08-12 00:00:00",169,73
"2024-08-13 00:00:00",192,82
"2024-08-14 00:00:00",166,77
"2024-08-15 00:00:00",167,75
"2024-08-16 00:00:00",150,76
"2024-08-17 00:00:00",190,112
"2024-08-18 00:00:00",193,111
"2024-08-19 00:00:00",177,76
"2024-08-20 00:00:00",134,61
"2024-08-21 00:00:00",120,56
"2024-08-22 00:00:00",113,55
"2024-08-23 00:00:00",129,73
"2024-08-24 00:00:00",130,83
"2024-08-25 00:00:00",147,85
"2024-08-26 00:00:00",147,70
"2024-08-27 00:00:00",135,64
"2024-08-28 00:00:00",125,62
"2024-08-29 00:00:00",138,64
"2024-08-30 00:00:00",135,67
"2024-08-31 00:00:00",137,83
"2024-09-01 00:00:00",153,91
"2024-09-02 00:00:00",144,68
"2024-09-03 00:00:00",133,63
"2024-09-04 00:00:00",140,62
"2024-09-05 00:00:00",143,64
"2024-09-06 00:00:00",135,65
"2024-09-07 00:00:00",150,84
"2024-09-08 00:00:00",159,88
"2024-09-09 00:00:00",131,61
"2024-09-10 00:00:00",121,60
"2024-09-11 00:00:00",120,54
"2024-09-12 00:00:00",123,54
"2024-09-13 00:00:00",111,54
"2024-09-14 00:00:00",129,65
"2024-09-15 00:00:00",130,79
"2024-09-16 00:00:00",156,88
"2024-09-17 00:00:00",159,90
"2024-09-18 00:00:00",162,75
"2024-09-19 00:00:00",159,72
"2024-09-20 00:00:00",163,79
"2024-09-21 00:00:00",180,96
"2024-09-22 00:00:00",177,104
"2024-09-23 00:00:00",170,68
"2024-09-24 00:00:00",168,76
"2024-09-25 00:00:00",152,66
"2024-09-26 00:00:00",145,69
"2024-09-27 00:00:00",130,66
"2024-09-28 00:00:00",168,85
"2024-09-29 00:00:00",148,73
"2024-09-30 00:00:00",128,63
"2024-10-01 00:00:00",165,92
"2024-10-02 00:00:00",188,101
"2024-10-03 00:00:00",186,109
"2024-10-04 00:00:00",214,112
"2024-10-05 00:00:00",219,121
"2024-10-06 00:00:00",230,127
"2024-10-07 00:00:00",229,119
"2024-10-08 00:00:00",208,90
"2024-10-09 00:00:00",198,85
"2024-10-10 00:00:00",172,80
"2024-10-11 00:00:00",177,83
"2024-10-12 00:00:00",176,91
"2024-10-13 00:00:00",186,108
"2024-10-14 00:00:00",165,75
"2024-10-15 00:00:00",162,74
"2024-10-16 00:00:00",155,68
"2024-10-17 00:00:00",136,61
"2024-10-18 00:00:00",150,70
"2024-10-19 00:00:00",162,96
"2024-10-20 00:00:00",159,93
"2024-10-21 00:00:00",138,59
"2024-10-22 00:00:00",144,58
"2024-10-23 00:00:00",151,58
"2024-10-24 00:00:00",134,56
"2024-10-25 00:00:00",120,53
"2024-10-26 00:00:00",114,64
"2024-10-27 00:00:00",123,64
"2024-10-28 00:00:00",118,48
"2024-10-29 00:00:00",104,40
"2024-10-30 00:00:00",112,43
"2024-10-31 00:00:00",114,47
"2024-11-01 00:00:00",95,44
"2024-11-02 00:00:00",117,62
"2024-11-03 00:00:00",130,67
"2024-11-04 00:00:00",120,47
"2024-11-05 00:00:00",121,49
"2024-11-06 00:00:00",114,52
"2024-11-07 00:00:00",106,51
"2024-11-08 00:00:00",134,61
"2024-11-09 00:00:00",175,87
"2024-11-10 00:00:00",172,96
"2024-11-11 00:00:00",153,65
"2024-11-12 00:00:00",169,70
"2024-11-13 00:00:00",168,69
"2024-11-14 00:00:00",145,67
"2024-11-15 00:00:00",143,69
"2024-11-16 00:00:00",161,90
"2024-11-17 00:00:00",149,86
"2024-11-18 00:00:00",153,64
"2024-11-19 00:00:00",148,64
"2024-11-20 00:00:00",130,54
"2024-11-21 00:00:00",120,56
"2024-11-22 00:00:00",112,56
"2024-11-23 00:00:00",128,74
"2024-11-24 00:00:00",126,74
"2024-11-25 00:00:00",118,54
"2024-11-26 00:00:00",122,50
"2024-11-27 00:00:00",108,43
"2024-11-28 00:00:00",103,47
"2024-11-29 00:00:00",112,51
"2024-11-30 00:00:00",129,65
"2024-12-01 00:00:00",144,74
"2024-12-02 00:00:00",136,55
"2024-12-03 00:00:00",121,54
"2024-12-04 00:00:00",117,53
"2024-12-05 00:00:00",121,52
"2024-12-06 00:00:00",120,52
"2024-12-07 00:00:00",120,67
"2024-12-08 00:00:00",139,77
"2024-12-09 00:00:00",129,57
"2024-12-10 00:00:00",117,56
"2024-12-11 00:00:00",117,53
"2024-12-12 00:00:00",122,53
"2024-12-13 00:00:00",110,56
"2024-12-14 00:00:00",118,66
"2024-12-15 00:00:00",120,64
"2024-12-16 00:00:00",118,51
"2024-12-17 00:00:00",114,49
"2024-12-18 00:00:00",110,50
"2024-12-19 00:00:00",104,46
"2024-12-20 00:00:00",109,50
"2024-12-21 00:00:00",131,72
"2024-12-22 00:00:00",140,80
"2024-12-23 00:00:00",133,61
"2024-12-24 00:00:00",119,61
"2024-12-25 00:00:00",119,59
"2024-12-26 00:00:00",127,60
"2024-12-27 00:00:00",103,57
"2024-12-28 00:00:00",128,71
"2024-12-29 00:00:00",136,75
"2024-12-30 00:00:00",126,57
"2024-12-31 00:00:00",121,60
"2025-01-01 00:00:00",128,75
"2025-01-02 00:00:00",130,60
"2025-01-03 00:00:00",138,65
"2025-01-04 00:00:00",151,78
"2025-01-05 00:00:00",158,80
"2025-01-06 00:00:00",139,58
"2025-01-07 00:00:00",138,64
"2025-01-08 00:00:00",116,61
"2025-01-09 00:00:00",125,57
"2025-01-10 00:00:00",126,59
"2025-01-11 00:00:00",140,75
"2025-01-12 00:00:00",146,82
"2025-01-13 00:00:00",132,60
"2025-01-14 00:00:00",127,64
"2025-01-15 00:00:00",123,61
"2025-01-16 00:00:00",103,55
"2025-01-17 00:00:00",105,51
"2025-01-18 00:00:00",139,68
"2025-01-19 00:00:00",125,70
"2025-01-20 00:00:00",97,50
"2025-01-21 00:00:00",102,54
"2025-01-22 00:00:00",120,54
"2025-01-23 00:00:00",124,54
"2025-01-24 00:00:00",119,60
"2025-01-25 00:00:00",133,70
"2025-01-26 00:00:00",142,76
"2025-01-27 00:00:00",155,77
"2025-01-28 00:00:00",130,75
"2025-01-29 00:00:00",165,87
"2025-01-30 00:00:00",153,81
"2025-01-31 00:00:00",168,89
"2025-02-01 00:00:00",165,99
"2025-02-02 00:00:00",171,98
"2025-02-03 00:00:00",165,85
"2025-02-04 00:00:00",167,84
"2025-02-05 00:00:00",145,70
"2025-02-06 00:00:00",163,74
"2025-02-07 00:00:00",151,75
"2025-02-08 00:00:00",154,81
"2025-02-09 00:00:00",174,94
"2025-02-10 00:00:00",151,66
"2025-02-11 00:00:00",147,66
"2025-02-12 00:00:00",138,59
"2025-02-13 00:00:00",126,52
"2025-02-14 00:00:00",118,55
"2025-02-15 00:00:00",153,79
"2025-02-16 00:00:00",128,75
"2025-02-17 00:00:00",123,51
"2025-02-18 00:00:00",118,48
"2025-02-19 00:00:00",117,53
"2025-02-20 00:00:00",118,50
"2025-02-21 00:00:00",128,53
"2025-02-22 00:00:00",145,79
"2025-02-23 00:00:00",143,73
"2025-02-24 00:00:00",120,51
"2025-02-25 00:00:00",134,51
"2025-02-26 00:00:00",131,55
"2025-02-27 00:00:00",121,55
"2025-02-28 00:00:00",112,55
"2025-03-01 00:00:00",140,80
"2025-03-02 00:00:00",141,78
"2025-03-03 00:00:00",125,53
"2025-03-04 00:00:00",136,53
"2025-03-05 00:00:00",115,50
"2025-03-06 00:00:00",121,48
"2025-03-07 00:00:00",113,50
"2025-03-08 00:00:00",120,71
"2025-03-09 00:00:00",154,70
"2025-03-10 00:00:00",132,50
"2025-03-11 00:00:00",123,54
"2025-03-12 00:00:00",119,54
"2025-03-13 00:00:00",112,51
"2025-03-14 00:00:00",119,56
"2025-03-15 00:00:00",129,76
"2025-03-16 00:00:00",147,77
"2025-03-17 00:00:00",138,58
"2025-03-18 00:00:00",130,56
"2025-03-19 00:00:00",148,57
"2025-03-20 00:00:00",136,59
"2025-03-21 00:00:00",143,62
"2025-03-22 00:00:00",180,87
"2025-03-23 00:00:00",170,91
"2025-03-24 00:00:00",154,65
"2025-03-25 00:00:00",137,58
"2025-03-26 00:00:00",132,58
"2025-03-27 00:00:00",132,58
"2025-03-28 00:00:00",135,61
"2025-03-29 00:00:00",166,90
"2025-03-30 00:00:00",146,86
"2025-03-31 00:00:00",133,58
"2025-04-01 00:00:00",138,59
"2025-04-02 00:00:00",132,57
"2025-04-03 00:00:00",142,64
"2025-04-04 00:00:00",143,75
"2025-04-05 00:00:00",151,89
"2025-04-06 00:00:00",156,84
"2025-04-07 00:00:00",138,61
"2025-04-08 00:00:00",128,57
"2025-04-09 00:00:00",125,57
"2025-04-10 00:00:00",126,60
"2025-04-11 00:00:00",130,60
"2025-04-12 00:00:00",172,90
"2025-04-13 00:00:00",166,87
"2025-04-14 00:00:00",141,61
"2025-04-15 00:00:00",136,62
"2025-04-16 00:00:00",130,55
"2025-04-17 00:00:00",125,57
"2025-04-18 00:00:00",123,55
"2025-04-19 00:00:00",154,78
"2025-04-20 00:00:00",153,84
"2025-04-21 00:00:00",121,59
"2025-04-22 00:00:00",137,57
"2025-04-23 00:00:00",126,56
"2025-04-24 00:00:00",116,51
"2025-04-25 00:00:00",125,51
"2025-04-26 00:00:00",127,66
"2025-04-27 00:00:00",129,62
"2025-04-28 00:00:00",118,52
"2025-04-29 00:00:00",112,56
"2025-04-30 00:00:00",102,49
"2025-05-01 00:00:00",112,54
"2025-05-02 00:00:00",116,54
"2025-05-03 00:00:00",116,67
"2025-05-04 00:00:00",114,70
"2025-05-05 00:00:00",127,63
"2025-05-06 00:00:00",121,52
"2025-05-07 00:00:00",123,50
"2025-05-08 00:00:00",118,42
"2025-05-09 00:00:00",112,48
"2025-05-10 00:00:00",151,72
"2025-05-11 00:00:00",118,72
"2025-05-12 00:00:00",118,50
"2025-05-13 00:00:00",137,55
"2025-05-14 00:00:00",118,52
"2025-05-15 00:00:00",116,48
"2025-05-16 00:00:00",118,55
"2025-05-17 00:00:00",153,77
"2025-05-18 00:00:00",170,81
"2025-05-19 00:00:00",135,59
"2025-05-20 00:00:00",126,51
"2025-05-21 00:00:00",121,53
"2025-05-22 00:00:00",119,51
"2025-05-23 00:00:00",116,53
"2025-05-24 00:00:00",138,70
"2025-05-25 00:00:00",140,73
"2025-05-26 00:00:00",134,54
"2025-05-27 00:00:00",123,53
"2025-05-28 00:00:00",125,52
"2025-05-29 00:00:00",134,58
"2025-05-30 00:00:00",137,60
"2025-05-31 00:00:00",132,74
"2025-06-01 00:00:00",144,81
"2025-06-02 00:00:00",142,76
"2025-06-03 00:00:00",133,63
"2025-06-04 00:00:00",137,59
"2025-06-05 00:00:00",117,56
"2025-06-06 00:00:00",116,59
"2025-06-07 00:00:00",155,81
"2025-06-08 00:00:00",149,80
"2025-06-09 00:00:00",152,60
"2025-06-10 00:00:00",130,58
"2025-06-11 00:00:00",134,55
"2025-06-12 00:00:00",129,55
"2025-06-13 00:00:00",123,57
"2025-06-14 00:00:00",123,74
"2025-06-15 00:00:00",139,78
"2025-06-16 00:00:00",127,53
"2025-06-17 00:00:00",113,55
"2025-06-18 00:00:00",115,54
"2025-06-19 00:00:00",105,50
"2025-06-20 00:00:00",105,52
"2025-06-21 00:00:00",158,85
"2025-06-22 00:00:00",142,81
"2025-06-23 00:00:00",131,56
"2025-06-24 00:00:00",130,54
"2025-06-25 00:00:00",122,57
"2025-06-26 00:00:00",111,49
"2025-06-27 00:00:00",109,48
"2025-06-28 00:00:00",139,79
"2025-06-29 00:00:00",161,84
"2025-06-30 00:00:00",134,59
"2025-07-01 00:00:00",135,61
"2025-07-02 00:00:00",118,56
"2025-07-03 00:00:00",124,57
"2025-07-04 00:00:00",126,59
"2025-07-05 00:00:00",137,74
"2025-07-06 00:00:00",151,88
"2025-07-07 00:00:00",125,66
"2025-07-08 00:00:00",150,67
"2025-07-09 00:00:00",156,69
"2025-07-10 00:00:00",138,68
"2025-07-11 00:00:00",130,63
"2025-07-12 00:00:00",155,90
"2025-07-13 00:00:00",172,95
"2025-07-14 00:00:00",150,74
"2025-07-15 00:00:00",137,69
"2025-07-16 00:00:00",150,73
"2025-07-17 00:00:00",155,66
"2025-07-18 00:00:00",121,61
"2025-07-19 00:00:00",150,83
"2025-07-20 00:00:00",150,86
"2025-07-21 00:00:00",137,65
"2025-07-22 00:00:00",144,68
"2025-07-23 00:00:00",142,63
"2025-07-24 00:00:00",126,57
"2025-07-25 00:00:00",118,63
"2025-07-26 00:00:00",153,81
"2025-07-27 00:00:00",157,89
"2025-07-28 00:00:00",152,67
"2025-07-29 00:00:00",147,67
"2025-07-30 00:00:00",143,62
"2025-07-31 00:00:00",142,62
"2025-08-01 00:00:00",132,61
"2025-08-02 00:00:00",145,77
"2025-08-03 00:00:00",166,89
"2025-08-04 00:00:00",135,63
"2025-08-05 00:00:00",143,65
"2025-08-06 00:00:00",150,65
"2025-08-07 00:00:00",146,64
"2025-08-08 00:00:00",141,66
"2025-08-09 00:00:00",160,87
"2025-08-10 00:00:00",155,89
"2025-08-11 00:00:00",143,63
"2025-08-12 00:00:00",116,59
"2025-08-13 00:00:00",138,59
"2025-08-14 00:00:00",129,55
"2025-08-15 00:00:00",113,56
"2025-08-16 00:00:00",138,72
"2025-08-17 00:00:00",144,75
"2025-08-18 00:00:00",128,53
"2025-08-19 00:00:00",150,58
"2025-08-20 00:00:00",139,58
"2025-08-21 00:00:00",129,55
"2025-08-22 00:00:00",119,58
"2025-08-23 00:00:00",134,76
"2025-08-24 00:00:00",158,82
"2025-08-25 00:00:00",129,57
"2025-08-26 00:00:00",125,59
"2025-08-27 00:00:00",132,59
"2025-08-28 00:00:00",119,58
"2025-08-29 00:00:00",121,56
"2025-08-30 00:00:00",135,79
"2025-08-31 00:00:00",156,88
"2025-09-01 00:00:00",140,60
"2025-09-02 00:00:00",144,62
"2025-09-03 00:00:00",125,56
"2025-09-04 00:00:00",119,52
"2025-09-05 00:00:00",120,56
"2025-09-06 00:00:00",148,77
"2025-09-07 00:00:00",155,83
"2025-09-08 00:00:00",148,62
"2025-09-09 00:00:00",148,60
"2025-09-10 00:00:00",128,54
"2025-09-11 00:00:00",114,51
"2025-09-12 00:00:00",117,53
"2025-09-13 00:00:00",140,73
"2025-09-14 00:00:00",135,80
"2025-09-15 00:00:00",120,53
"2025-09-16 00:00:00",126,49
"2025-09-17 00:00:00",119,54
"2025-09-18 00:00:00",126,54
"2025-09-19 00:00:00",115,55
"2025-09-20 00:00:00",138,78
"2025-09-21 00:00:00",163,82
"2025-09-22 00:00:00",120,56
"2025-09-23 00:00:00",128,66
"2025-09-24 00:00:00",119,58
"2025-09-25 00:00:00",101,45
"2025-09-26 00:00:00",110,52
"2025-09-27 00:00:00",130,65
"2025-09-28 00:00:00",125,66
"2025-09-29 00:00:00",116,56
"2025-09-30 00:00:00",116,57
"2025-10-01 00:00:00",127,76
"2025-10-02 00:00:00",127,72
"2025-10-03 00:00:00",136,77
"2025-10-04 00:00:00",153,82
"2025-10-05 00:00:00",153,83
"2025-10-06 00:00:00",163,86
"2025-10-07 00:00:00",142,80
"2025-10-08 00:00:00",156,79
"2025-10-09 00:00:00",127,61
"2025-10-10 00:00:00",135,59
"2025-10-11 00:00:00",137,65
"2025-10-12 00:00:00",150,81
"2025-10-13 00:00:00",126,55
"2025-10-14 00:00:00",134,50
"2025-10-15 00:00:00",138,57
"2025-10-16 00:00:00",134,52
"2025-10-17 00:00:00",124,57
"2025-10-18 00:00:00",131,73
"2025-10-19 00:00:00",137,77
"2025-10-20 00:00:00",142,63
"2025-10-21 00:00:00",121,59
"2025-10-22 00:00:00",119,51
"2025-10-23 00:00:00",112,51
"2025-10-24 00:00:00",121,55
"2025-10-25 00:00:00",135,77
"2025-10-26 00:00:00",145,75
"2025-10-27 00:00:00",114,53
"2025-10-28 00:00:00",110,50
"2025-10-29 00:00:00",104,43
"2025-10-30 00:00:00",108,43
"2025-10-31 00:00:00",97,42
"2025-11-01 00:00:00",121,61
"2025-11-02 00:00:00",120,61
"2025-11-03 00:00:00",103,45
"2025-11-04 00:00:00",123,46
"2025-11-05 00:00:00",99,45
"2025-11-06 00:00:00",97,44
"2025-11-07 00:00:00",100,45
"2025-11-08 00:00:00",118,61
"2025-11-09 00:00:00",28,63
"2025-11-09 01:00:00",39,62
"2025-11-09 02:00:00",63,62
"2025-11-09 03:00:00",70,60
"2025-11-09 04:00:00",69,59
"2025-11-09 05:00:00",81,58
"2025-11-09 06:00:00",81,56
"2025-11-09 07:00:00",84,55
"2025-11-09 08:00:00",83,54
"2025-11-09 09:00:00",85,53
"2025-11-09 10:00:00",85,52
"2025-11-09 11:00:00",85,52
"2025-11-09 12:00:00",98,52
"2025-11-09 13:00:00",106,52
"2025-11-09 14:00:00",105,52
"2025-11-09 15:00:00",99,52
"2025-11-09 16:00:00",73,52
"2025-11-09 17:00:00",52,51
"2025-11-09 18:00:00",39,51
"2025-11-09 19:00:00",26,50
"2025-11-09 20:00:00",19,50
"2025-11-09 21:00:00",15,50
"2025-11-09 22:00:00",11,49
"2025-11-09 23:00:00",12,49
"2025-11-10 00:00:00",12,50
"2025-11-10 01:00:00",26,50
"2025-11-10 02:00:00",36,50
"2025-11-10 03:00:00",39,50
"2025-11-10 04:00:00",42,50
"2025-11-10 05:00:00",41,50
"2025-11-10 06:00:00",47,50
"2025-11-10 07:00:00",56,50
"2025-11-10 08:00:00",61,50
"2025-11-10 09:00:00",64,49
"2025-11-10 10:00:00",70,48
"2025-11-10 11:00:00",86,48
"2025-11-10 12:00:00",95,47
"2025-11-10 13:00:00",111,47
"2025-11-10 14:00:00",100,46
"2025-11-10 15:00:00",90,46
"2025-11-10 16:00:00",60,46
"2025-11-10 17:00:00",43,46
"2025-11-10 18:00:00",25,46
"2025-11-10 19:00:00",22,46
"2025-11-10 20:00:00",15,46
"2025-11-10 21:00:00",10,46
"2025-11-10 22:00:00",12,46
"2025-11-10 23:00:00",15,46
"2025-11-11 00:00:00",20,46
"2025-11-11 01:00:00",28,46
"2025-11-11 02:00:00",35,46
"2025-11-11 03:00:00",41,46
"2025-11-11 04:00:00",45,46
"2025-11-11 05:00:00",52,46
"2025-11-11 06:00:00",48,46
"2025-11-11 07:00:00",44,46
"2025-11-11 08:00:00",46,46
"2025-11-11 09:00:00",44,46
"2025-11-11 10:00:00",55,46
"2025-11-11 11:00:00",62,47
"2025-11-11 12:00:00",89,47
"2025-11-11 13:00:00",99,48
"2025-11-11 14:00:00",97,48
"2025-11-11 15:00:00",87,48
"2025-11-11 16:00:00",64,48
"2025-11-11 17:00:00",47,49
"2025-11-11 18:00:00",33,49
"2025-11-11 19:00:00",22,48
"2025-11-11 20:00:00",12,48
"2025-11-11 21:00:00",9,48
"2025-11-11 22:00:00",8,48
"2025-11-11 23:00:00",10,48
"2025-11-12 00:00:00",20,49
"2025-11-12 01:00:00",26,48
"2025-11-12 02:00:00",36,48
"2025-11-12 03:00:00",47,48
"2025-11-12 04:00:00",45,47
"2025-11-12 05:00:00",46,46
"2025-11-12 06:00:00",44,46
"2025-11-12 07:00:00",47,46
"2025-11-12 08:00:00",48,46
"2025-11-12 09:00:00",54,46
"2025-11-12 10:00:00",68,46
"2025-11-12 11:00:00",77,46
"2025-11-12 12:00:00",101,45
"2025-11-12 13:00:00",102,45
"2025-11-12 14:00:00",105,45
"2025-11-12 15:00:00",98,45
"2025-11-12 16:00:00",70,44
"2025-11-12 17:00:00",43,44
"2025-11-12 18:00:00",27,44
"2025-11-12 19:00:00",19,43
"2025-11-12 20:00:00",16,43
"2025-11-12 21:00:00",10,43
"2025-11-12 22:00:00",10,44
"2025-11-12 23:00:00",13,44
"2025-11-13 00:00:00",13,44
"2025-11-13 01:00:00",17,44
"2025-11-13 02:00:00",26,45
"2025-11-13 03:00:00",29,45
"2025-11-13 04:00:00",35,45
"2025-11-13 05:00:00",39,45
"2025-11-13 06:00:00",42,45
"2025-11-13 07:00:00",46,45
"2025-11-13 08:00:00",49,45
"2025-11-13 09:00:00",51,45
"2025-11-13 10:00:00",56,45
"2025-11-13 11:00:00",61,45
"2025-11-13 12:00:00",95,45
"2025-11-13 13:00:00",97,44
"2025-11-13 14:00:00",97,43
"2025-11-13 15:00:00",84,43
"2025-11-13 16:00:00",58,43
"2025-11-13 17:00:00",39,44
"2025-11-13 18:00:00",23,45
"2025-11-13 19:00:00",19,46
"2025-11-13 20:00:00",17,46
"2025-11-13 21:00:00",15,46
"2025-11-13 22:00:00",13,46
"2025-11-13 23:00:00",17,46
"2025-11-14 00:00:00",21,46
"2025-11-14 01:00:00",27,46
"2025-11-14 02:00:00",34,46
"2025-11-14 03:00:00",35,47
"2025-11-14 04:00:00",40,48
"2025-11-14 05:00:00",42,49
"2025-11-14 06:00:00",42,50
"2025-11-14 07:00:00",51,51
"2025-11-14 08:00:00",53,52
"2025-11-14 09:00:00",50,52
"2025-11-14 10:00:00",47,53
"2025-11-14 11:00:00",59,54
"2025-11-14 12:00:00",69,54
"2025-11-14 13:00:00",83,56
"2025-11-14 14:00:00",97,56
"2025-11-14 15:00:00",92,57
"2025-11-14 16:00:00",79,57
"2025-11-14 17:00:00",62,57
"2025-11-14 18:00:00",42,57
"2025-11-14 19:00:00",30,57
"2025-11-14 20:00:00",21,57
"2025-11-14 21:00:00",11,57
"2025-11-14 22:00:00",12,58
"2025-11-14 23:00:00",13,58
"2025-11-15 00:00:00",15,58
"2025-11-15 01:00:00",43,58
"2025-11-15 02:00:00",56,58
"2025-11-15 03:00:00",61,59
"2025-11-15 04:00:00",62,59
"2025-11-15 05:00:00",64,60
"2025-11-15 06:00:00",70,61
"2025-11-15 07:00:00",77,62
"2025-11-15 08:00:00",76,62
"2025-11-15 09:00:00",70,63
"2025-11-15 10:00:00",73,64
"2025-11-15 11:00:00",86,65
"2025-11-15 12:00:00",104,66
"2025-11-15 13:00:00",105,66
"2025-11-15 14:00:00",104,67
"2025-11-15 15:00:00",95,68
"2025-11-15 16:00:00",81,68
"2025-11-15 17:00:00",57,68
"2025-11-15 18:00:00",42,68
"2025-11-15 19:00:00",30,68
"2025-11-15 20:00:00",27,68
"2025-11-15 21:00:00",23,68
"2025-11-15 22:00:00",16,68
"2025-11-15 23:00:00",19,68
"2025-11-16 00:00:00",28,68
"2025-11-16 01:00:00",42,68
"2025-11-16 02:00:00",59,67
"2025-11-16 03:00:00",66,67
"2025-11-16 04:00:00",73,67
"2025-11-16 05:00:00",87,67
"2025-11-16 06:00:00",91,66
"2025-11-16 07:00:00",98,65
"2025-11-16 08:00:00",93,64
"2025-11-16 09:00:00",92,63
"2025-11-16 10:00:00",95,62
"2025-11-16 11:00:00",96,61
"2025-11-16 12:00:00",111,61
"2025-11-16 13:00:00",126,60
"2025-11-16 14:00:00",127,60
"2025-11-16 15:00:00",113,59
"2025-11-16 16:00:00",86,58
"2025-11-16 17:00:00",56,58
"2025-11-16 18:00:00",33,57
"2025-11-16 19:00:00",22,57
"2025-11-16 20:00:00",21,57
"2025-11-16 21:00:00",21,57
"2025-11-16 22:00:00",16,57
"2025-11-16 23:00:00",20,57
"2025-11-17 00:00:00",25,57
"2025-11-17 01:00:00",35,57
"2025-11-17 02:00:00",54,57
"2025-11-17 03:00:00",55,56
"2025-11-17 04:00:00",56,56
"2025-11-17 05:00:00",57,55
"2025-11-17 06:00:00",55,55
"2025-11-17 07:00:00",57,54
"2025-11-17 08:00:00",64,54
"2025-11-17 09:00:00",56,53
"2025-11-17 10:00:00",56,53
"2025-11-17 11:00:00",72,53
"2025-11-17 12:00:00",89,52
"2025-11-17 13:00:00",103,52
"2025-11-17 14:00:00",103,51
"2025-11-17 15:00:00",92,51
"2025-11-17 16:00:00",65,51
"2025-11-17 17:00:00",32,50
"2025-11-17 18:00:00",30,50
"2025-11-17 19:00:00",29,50
"2025-11-17 20:00:00",22,50
"2025-11-17 21:00:00",20,50
"2025-11-17 22:00:00",16,50
"2025-11-17 23:00:00",13,50
"2025-11-18 00:00:00",20,50
"2025-11-18 01:00:00",31,50
"2025-11-18 02:00:00",41,50
"2025-11-18 03:00:00",47,49
"2025-11-18 04:00:00",55,49
"2025-11-18 05:00:00",58,49
"2025-11-18 06:00:00",52,49
"2025-11-18 07:00:00",54,48
"2025-11-18 08:00:00",54,48
"2025-11-18 09:00:00",55,48
"2025-11-18 10:00:00",62,48
"2025-11-18 11:00:00",71,48
"2025-11-18 12:00:00",81,48
"2025-11-18 13:00:00",97,48
"2025-11-18 14:00:00",99,48
"2025-11-18 15:00:00",89,48
"2025-11-18 16:00:00",51,48
"2025-11-18 17:00:00",36,48
"2025-11-18 18:00:00",28,49
"2025-11-18 19:00:00",23,49
"2025-11-18 20:00:00",21,49
"2025-11-18 21:00:00",21,49
"2025-11-18 22:00:00",17,48
"2025-11-18 23:00:00",18,48
"2025-11-19 00:00:00",18,48
"2025-11-19 01:00:00",23,48
"2025-11-19 02:00:00",33,48
"2025-11-19 03:00:00",45,48
"2025-11-19 04:00:00",45,48
"2025-11-19 05:00:00",47,48
"2025-11-19 06:00:00",46,48
"2025-11-19 07:00:00",48,48
"2025-11-19 08:00:00",53,48
"2025-11-19 09:00:00",50,48
"2025-11-19 10:00:00",62,48
"2025-11-19 11:00:00",67,48
"2025-11-19 12:00:00",80,48
"2025-11-19 13:00:00",100,48
"2025-11-19 14:00:00",102,48
"2025-11-19 15:00:00",95,48
"2025-11-19 16:00:00",68,48
"2025-11-19 17:00:00",50,48
"2025-11-19 18:00:00",34,48
"2025-11-19 19:00:00",25,48
"2025-11-19 20:00:00",18,48
"2025-11-19 21:00:00",13,48
"2025-11-19 22:00:00",13,48
"2025-11-19 23:00:00",12,48
"2025-11-20 00:00:00",18,47
"2025-11-20 01:00:00",24,47
"2025-11-20 02:00:00",37,47
"2025-11-20 03:00:00",46,47
"2025-11-20 04:00:00",44,47
"2025-11-20 05:00:00",45,47
"2025-11-20 06:00:00",46,47
"2025-11-20 07:00:00",52,47
"2025-11-20 08:00:00",52,47
"2025-11-20 09:00:00",52,47
"2025-11-20 10:00:00",60,47
"2025-11-20 11:00:00",67,46
"2025-11-20 12:00:00",91,46
"2025-11-20 13:00:00",96,46
"2025-11-20 14:00:00",99,45
"2025-11-20 15:00:00",94,45
"2025-11-20 16:00:00",66,45
"2025-11-20 17:00:00",35,45
"2025-11-20 18:00:00",29,46
"2025-11-20 19:00:00",27,46
"2025-11-20 20:00:00",17,46
"2025-11-20 21:00:00",14,46
"2025-11-20 22:00:00",15,46
"2025-11-20 23:00:00",9,46
"2025-11-21 00:00:00",14,47
"2025-11-21 01:00:00",18,47
"2025-11-21 02:00:00",30,47
"2025-11-21 03:00:00",35,48
"2025-11-21 04:00:00",36,48
"2025-11-21 05:00:00",42,49
"2025-11-21 06:00:00",48,49
"2025-11-21 07:00:00",52,50
"2025-11-21 08:00:00",53,51
"2025-11-21 09:00:00",50,52
"2025-11-21 10:00:00",51,53
"2025-11-21 11:00:00",58,53
"2025-11-21 12:00:00",65,54
"2025-11-21 13:00:00",83,54
"2025-11-21 14:00:00",97,55
"2025-11-21 15:00:00",90,55
"2025-11-21 16:00:00",82,56
"2025-11-21 17:00:00",60,57
"2025-11-21 18:00:00",50,58
"2025-11-21 19:00:00",28,58
"2025-11-21 20:00:00",18,58
"2025-11-21 21:00:00",16,58
"2025-11-21 22:00:00",15,58
"2025-11-21 23:00:00",20,59
"2025-11-22 00:00:00",29,59
"2025-11-22 01:00:00",38,59
"2025-11-22 02:00:00",49,60
"2025-11-22 03:00:00",59,60
"2025-11-22 04:00:00",67,62
"2025-11-22 05:00:00",68,62
"2025-11-22 06:00:00",80,63
"2025-11-22 07:00:00",86,64
"2025-11-22 08:00:00",86,64
"2025-11-22 09:00:00",87,65
"2025-11-22 10:00:00",88,66
"2025-11-22 11:00:00",89,67
"2025-11-22 12:00:00",91,67
"2025-11-22 13:00:00",113,68
"2025-11-22 14:00:00",121,69
"2025-11-22 15:00:00",116,69
"2025-11-22 16:00:00",102,69
"2025-11-22 17:00:00",76,69
"2025-11-22 18:00:00",58,69
"2025-11-22 19:00:00",36,68
"2025-11-22 20:00:00",28,68
"2025-11-22 21:00:00",23,69
"2025-11-22 22:00:00",19,68
"2025-11-22 23:00:00",20,68
"2025-11-23 00:00:00",32,68
"2025-11-23 01:00:00",48,68
"2025-11-23 02:00:00",57,68
"2025-11-23 03:00:00",82,68
"2025-11-23 04:00:00",79,68
"2025-11-23 05:00:00",75,67
"2025-11-23 06:00:00",83,67
"2025-11-23 07:00:00",88,66
"2025-11-23 08:00:00",96,66
"2025-11-23 09:00:00",98,65
"2025-11-23 10:00:00",89,65
"2025-11-23 11:00:00",98,64
"2025-11-23 12:00:00",116,64
"2025-11-23 13:00:00",112,63
"2025-11-23 14:00:00",112,63
"2025-11-23 15:00:00",98,62
"2025-11-23 16:00:00",80,62
"2025-11-23 17:00:00",63,61
"2025-11-23 18:00:00",41,61
"2025-11-23 19:00:00",28,60
"2025-11-23 20:00:00",25,60
"2025-11-23 21:00:00",16,60
"2025-11-23 22:00:00",14,59
"2025-11-23 23:00:00",15,59
"2025-11-24 00:00:00",22,59
"2025-11-24 01:00:00",29,58
"2025-11-24 02:00:00",39,58
"2025-11-24 03:00:00",53,57
"2025-11-24 04:00:00",54,56
"2025-11-24 05:00:00",57,56
"2025-11-24 06:00:00",57,55
"2025-11-24 07:00:00",63,55
"2025-11-24 08:00:00",61,54
"2025-11-24 09:00:00",53,53
"2025-11-24 10:00:00",54,52
"2025-11-24 11:00:00",66,51
"2025-11-24 12:00:00",83,51
"2025-11-24 13:00:00",107,51
"2025-11-24 14:00:00",107,51
"2025-11-24 15:00:00",101,51
"2025-11-24 16:00:00",64,51
"2025-11-24 17:00:00",38,50
"2025-11-24 18:00:00",32,50
"2025-11-24 19:00:00",19,50
"2025-11-24 20:00:00",9,49
"2025-11-24 21:00:00",6,49
"2025-11-24 22:00:00",7,49
"2025-11-24 23:00:00",8,49
"2025-11-25 00:00:00",16,49
"2025-11-25 01:00:00",24,48
"2025-11-25 02:00:00",38,48
"2025-11-25 03:00:00",44,48
"2025-11-25 04:00:00",46,48
"2025-11-25 05:00:00",47,47
"2025-11-25 06:00:00",49,47
"2025-11-25 07:00:00",58,47
"2025-11-25 08:00:00",59,47
"2025-11-25 09:00:00",54,47
"2025-11-25 10:00:00",58,47
"2025-11-25 11:00:00",67,47
"2025-11-25 12:00:00",98,47
"2025-11-25 13:00:00",113,47
"2025-11-25 14:00:00",109,47
"2025-11-25 15:00:00",90,46
"2025-11-25 16:00:00",64,46
"2025-11-25 17:00:00",37,46
"2025-11-25 18:00:00",28,46
"2025-11-25 19:00:00",16,46
"2025-11-25 20:00:00",11,46
"2025-11-25 21:00:00",8,46
"2025-11-25 22:00:00",5,46
"2025-11-25 23:00:00",9,46
"2025-11-26 00:00:00",13,46
"2025-11-26 01:00:00",23,46
"2025-11-26 02:00:00",32,46
"2025-11-26 03:00:00",38,46
"2025-11-26 04:00:00",36,46
"2025-11-26 05:00:00",41,46
"2025-11-26 06:00:00",45,46
"2025-11-26 07:00:00",52,46
"2025-11-26 08:00:00",57,46
"2025-11-26 09:00:00",56,46
"2025-11-26 10:00:00",53,46
"2025-11-26 11:00:00",69,47
"2025-11-26 12:00:00",82,46
"2025-11-26 13:00:00",94,46
"2025-11-26 14:00:00",93,46
"2025-11-26 15:00:00",93,46
"2025-11-26 16:00:00",59,46
"2025-11-26 17:00:00",45,47
"2025-11-26 18:00:00",29,46
"2025-11-26 19:00:00",16,46
"2025-11-26 20:00:00",12,46
"2025-11-26 21:00:00",9,46
"2025-11-26 22:00:00",10,46
"2025-11-26 23:00:00",9,46
"2025-11-27 00:00:00",16,47
"2025-11-27 01:00:00",26,47
"2025-11-27 02:00:00",34,47
"2025-11-27 03:00:00",42,47
"2025-11-27 04:00:00",46,48
"2025-11-27 05:00:00",52,48
"2025-11-27 06:00:00",51,48
"2025-11-27 07:00:00",58,48
"2025-11-27 08:00:00",65,49
"2025-11-27 09:00:00",59,48
"2025-11-27 10:00:00",69,49
"2025-11-27 11:00:00",83,49
"2025-11-27 12:00:00",101,49
"2025-11-27 13:00:00",108,50
"2025-11-27 14:00:00",108,50
"2025-11-27 15:00:00",93,50
"2025-11-27 16:00:00",60,50
"2025-11-27 17:00:00",38,51
"2025-11-27 18:00:00",21,51
"2025-11-27 19:00:00",15,51
"2025-11-27 20:00:00",11,51
"2025-11-27 21:00:00",8,51
"2025-11-27 22:00:00",11,51
"2025-11-27 23:00:00",13,51
"2025-11-28 00:00:00",24,51
"2025-11-28 01:00:00",34,52
"2025-11-28 02:00:00",46,52
"2025-11-28 03:00:00",50,52
"2025-11-28 04:00:00",48,52
"2025-11-28 05:00:00",56,53
"2025-11-28 06:00:00",60,53
"2025-11-28 07:00:00",58,53
"2025-11-28 08:00:00",54,53
"2025-11-28 09:00:00",50,54
"2025-11-28 10:00:00",64,54
"2025-11-28 11:00:00",76,54
"2025-11-28 12:00:00",91,54
"2025-11-28 13:00:00",107,54
"2025-11-28 14:00:00",113,54
"2025-11-28 15:00:00",111,54
"2025-11-28 16:00:00",82,55
"2025-11-28 17:00:00",57,55
"2025-11-28 18:00:00",38,56
"2025-11-28 19:00:00",22,56
"2025-11-28 20:00:00",13,56
"2025-11-28 21:00:00",11,56
"2025-11-28 22:00:00",13,56
"2025-11-28 23:00:00",16,56
"2025-11-29 00:00:00",28,57
"2025-11-29 01:00:00",42,57
"2025-11-29 02:00:00",48,57
"2025-11-29 03:00:00",57,57
"2025-11-29 04:00:00",59,58
"2025-11-29 05:00:00",66,59
"2025-11-29 06:00:00",80,60
"2025-11-29 07:00:00",80,60
"2025-11-29 08:00:00",87,61
"2025-11-29 09:00:00",77,62
"2025-11-29 10:00:00",80,63
"2025-11-29 11:00:00",85,63
"2025-11-29 12:00:00",89,63
"2025-11-29 13:00:00",102,64
"2025-11-29 14:00:00",106,63
"2025-11-29 15:00:00",103,63
"2025-11-29 16:00:00",83,63
"2025-11-29 17:00:00",57,63
"2025-11-29 18:00:00",46,64
"2025-11-29 19:00:00",30,64
"2025-11-29 20:00:00",26,64
"2025-11-29 21:00:00",12,64
"2025-11-29 22:00:00",11,64
"2025-11-29 23:00:00",16,64
"2025-11-30 00:00:00",25,64
"2025-11-30 01:00:00",43,64
"2025-11-30 02:00:00",65,64
"2025-11-30 03:00:00",83,64
"2025-11-30 04:00:00",89,65
"2025-11-30 05:00:00",97,65
"2025-11-30 06:00:00",100,65
"2025-11-30 07:00:00",93,65
"2025-11-30 08:00:00",100,65
"2025-11-30 09:00:00",92,64
"2025-11-30 10:00:00",84,64
"2025-11-30 11:00:00",95,64
"2025-11-30 12:00:00",109,64
"2025-11-30 13:00:00",115,64
"2025-11-30 14:00:00",115,64
"2025-11-30 15:00:00",108,64
"2025-11-30 16:00:00",78,64
"2025-11-30 17:00:00",56,64
"2025-11-30 18:00:00",39,64
"2025-11-30 19:00:00",32,64
"2025-11-30 20:00:00",18,64
"2025-11-30 21:00:00",15,64
"2025-11-30 22:00:00",13,64
"2025-11-30 23:00:00",13,64
"2025-12-01 00:00:00",21,64
"2025-12-01 01:00:00",25,63
"2025-12-01 02:00:00",36,62
"2025-12-01 03:00:00",39,61
"2025-12-01 04:00:00",38,59
"2025-12-01 05:00:00",46,58
"2025-12-01 06:00:00",49,56
"2025-12-01 07:00:00",49,55
"2025-12-01 08:00:00",45,53
"2025-12-01 09:00:00",42,52
"2025-12-01 10:00:00",47,51
"2025-12-01 11:00:00",70,50
"2025-12-01 12:00:00",76,49
"2025-12-01 13:00:00",93,48
"2025-12-01 14:00:00",103,48
"2025-12-01 15:00:00",99,48
"2025-12-01 16:00:00",78,48
"2025-12-01 17:00:00",57,48
"2025-12-01 18:00:00",45,48
"2025-12-01 19:00:00",27,48
"2025-12-01 20:00:00",19,48
"2025-12-01 21:00:00",15,48
"2025-12-01 22:00:00",13,48
"2025-12-01 23:00:00",11,48
"2025-12-02 00:00:00",13,47
"2025-12-02 01:00:00",22,47
"2025-12-02 02:00:00",32,47
"2025-12-02 03:00:00",32,47
"2025-12-02 04:00:00",41,47
"2025-12-02 05:00:00",46,47
"2025-12-02 06:00:00",42,47
"2025-12-02 07:00:00",49,47
"2025-12-02 08:00:00",52,47
"2025-12-02 08:10:00",51,
"2025-12-02 08:20:00",52,
"2025-12-02 08:30:00",50,
"2025-12-02 08:40:00",49,
"2025-12-02 08:50:00",49,
"2025-12-02 09:00:00",50,47
"2025-12-02 09:10:00",51,
"2025-12-02 09:20:00",47,
"2025-12-02 09:30:00",45,
"2025-12-02 09:40:00",46,
"2025-12-02 09:50:00",47,
"2025-12-02 10:00:00",49,47
"2025-12-02 10:10:00",58,
"2025-12-02 10:20:00",52,
"2025-12-02 10:30:00",51,
"2025-12-02 10:40:00",52,
"2025-12-02 10:50:00",51,
"2025-12-02 11:00:00",51,47
"2025-12-02 11:10:00",53,
"2025-12-02 11:20:00",57,
"2025-12-02 11:30:00",57,
"2025-12-02 11:40:00",63,
"2025-12-02 11:50:00",64,
"2025-12-02 12:00:00",69,47
"2025-12-02 12:10:00",77,
"2025-12-02 12:20:00",77,
"2025-12-02 12:30:00",78,
"2025-12-02 12:40:00",77,
"2025-12-02 12:50:00",81,
"2025-12-02 13:00:00",86,48
"2025-12-02 13:10:00",92,
"2025-12-02 13:20:00",94,
"2025-12-02 13:30:00",94,
"2025-12-02 13:40:00",94,
"2025-12-02 13:50:00",107,
"2025-12-02 14:00:00",110,48
"2025-12-02 14:10:00",104,
"2025-12-02 14:20:00",99,
"2025-12-02 14:30:00",95,
"2025-12-02 14:40:00",94,
"2025-12-02 14:50:00",93,
"2025-12-02 15:00:00",95,48
"2025-12-02 15:10:00",94,
"2025-12-02 15:20:00",87,
"2025-12-02 15:30:00",83,
"2025-12-02 15:40:00",85,
"2025-12-02 15:50:00",85,
"2025-12-02 16:00:00",81,48
"2025-12-02 16:10:00",77,
"2025-12-02 16:20:00",71,
"2025-12-02 16:30:00",68,
"2025-12-02 16:40:00",60,
"2025-12-02 16:50:00",58,
"2025-12-02 17:00:00",55,48
"2025-12-02 17:10:00",51,
"2025-12-02 17:20:00",45,
"2025-12-02 17:30:00",42,
"2025-12-02 17:40:00",43,
"2025-12-02 17:50:00",40,
"2025-12-02 18:00:00",34,47
"2025-12-02 18:10:00",33,
"2025-12-02 18:20:00",29,
"2025-12-02 18:30:00",28,
"2025-12-02 18:40:00",27,
"2025-12-02 18:50:00",24,
"2025-12-02 19:00:00",25,47
"2025-12-02 19:10:00",19,
"2025-12-02 19:20:00",18,
"2025-12-02 19:30:00",21,
"2025-12-02 19:40:00",19,
"2025-12-02 19:50:00",17,
"2025-12-02 20:00:00",18,47
"2025-12-02 20:10:00",15,
"2025-12-02 20:20:00",15,
"2025-12-02 20:30:00",14,
"2025-12-02 20:40:00",14,
"2025-12-02 20:50:00",15,
"2025-12-02 21:00:00",15,47
"2025-12-02 21:10:00",16,
"2025-12-02 21:20:00",16,
"2025-12-02 21:30:00",14,
"2025-12-02 21:40:00",14,
"2025-12-02 21:50:00",14,
"2025-12-02 22:00:00",14,47
"2025-12-02 22:10:00",13,
"2025-12-02 22:20:00",11,
"2025-12-02 22:30:00",13,
"2025-12-02 22:40:00",12,
"2025-12-02 22:50:00",12,
"2025-12-02 23:00:00",13,47
"2025-12-02 23:10:00",13,
"2025-12-02 23:20:00",12,
"2025-12-02 23:30:00",13,
"2025-12-02 23:40:00",13,
"2025-12-02 23:50:00",11,
"2025-12-03 00:00:00",12,47
"2025-12-03 00:10:00",12,
"2025-12-03 00:20:00",14,
"2025-12-03 00:30:00",16,
"2025-12-03 00:40:00",15,
"2025-12-03 00:50:00",15,
"2025-12-03 01:00:00",16,47
"2025-12-03 01:10:00",16,
"2025-12-03 01:20:00",18,
"2025-12-03 01:30:00",17,
"2025-12-03 01:40:00",18,
"2025-12-03 01:50:00",20,
"2025-12-03 02:00:00",19,47
"2025-12-03 02:10:00",21,
"2025-12-03 02:20:00",23,
"2025-12-03 02:30:00",28,
"2025-12-03 02:40:00",30,
"2025-12-03 02:50:00",34,
"2025-12-03 03:00:00",33,47
"2025-12-03 03:10:00",33,
"2025-12-03 03:20:00",33,
"2025-12-03 03:30:00",31,
"2025-12-03 03:40:00",31,
"2025-12-03 03:50:00",28,
"2025-12-03 04:00:00",29,47
"2025-12-03 04:10:00",30,
"2025-12-03 04:20:00",27,
"2025-12-03 04:30:00",27,
"2025-12-03 04:40:00",26,
"2025-12-03 04:50:00",32,
"2025-12-03 05:00:00",32,47
"2025-12-03 05:10:00",30,
"2025-12-03 05:20:00",31,
"2025-12-03 05:30:00",33,
"2025-12-03 05:40:00",36,
"2025-12-03 05:50:00",35,
"2025-12-03 06:00:00",36,47
"2025-12-03 06:10:00",33,
"2025-12-03 06:20:00",35,
"2025-12-03 06:30:00",37,
"2025-12-03 06:40:00",37,
"2025-12-03 06:50:00",38,
"2025-12-03 07:00:00",39,46
"2025-12-03 07:10:00",36,
"2025-12-03 07:20:00",39,
"2025-12-03 07:30:00",42,
"2025-12-03 07:40:00",43,
"2025-12-03 07:50:00",47,
"2025-12-03 08:00:00",42,46
"2025-12-03 08:10:00",43,
"2025-12-03 08:20:00",44,
"2025-12-03 08:30:00",47,
"2025-12-03 08:40:00",46,
"2025-12-03 08:50:00",42,
"2025-12-03 09:00:00",44,46
"2025-12-03 09:10:00",42,
"2025-12-03 09:20:00",39,
"2025-12-03 09:30:00",35,
"2025-12-03 09:40:00",33,
"2025-12-03 09:50:00",36,
"2025-12-03 10:00:00",38,46
"2025-12-03 10:10:00",41,
"2025-12-03 10:20:00",45,
"2025-12-03 10:30:00",47,
"2025-12-03 10:40:00",44,
"2025-12-03 10:50:00",48,
"2025-12-03 11:00:00",47,46
"2025-12-03 11:10:00",52,
"2025-12-03 11:20:00",61,
"2025-12-03 11:30:00",60,
"2025-12-03 11:40:00",65,
"2025-12-03 11:50:00",69,
"2025-12-03 12:00:00",73,46
"2025-12-03 12:10:00",75,
"2025-12-03 12:20:00",77,
"2025-12-03 12:30:00",78,
"2025-12-03 12:40:00",79,
"2025-12-03 12:50:00",82,
"2025-12-03 13:00:00",86,45
"2025-12-03 13:10:00",84,
"2025-12-03 13:20:00",87,
"2025-12-03 13:30:00",89,
"2025-12-03 13:40:00",92,
"2025-12-03 13:50:00",94,
"2025-12-03 14:00:00",100,45
"2025-12-03 14:10:00",105,
"2025-12-03 14:20:00",104,
"2025-12-03 14:30:00",101,
"2025-12-03 14:40:00",99,
"2025-12-03 14:50:00",101,
"2025-12-03 15:00:00",97,45
"2025-12-03 15:10:00",94,
"2025-12-03 15:20:00",88,
"2025-12-03 15:30:00",87,
"2025-12-03 15:40:00",85,
"2025-12-03 15:50:00",80,
"2025-12-03 16:00:00",79,45
"2025-12-03 16:10:00",74,
"2025-12-03 16:20:00",68,
"2025-12-03 16:30:00",68,
"2025-12-03 16:40:00",60,
"2025-12-03 16:50:00",56,
"2025-12-03 17:00:00",51,45
"2025-12-03 17:10:00",49,
"2025-12-03 17:20:00",45,
"2025-12-03 17:30:00",42,
"2025-12-03 17:40:00",39,
"2025-12-03 17:50:00",34,
"2025-12-03 18:00:00",30,44
"2025-12-03 18:10:00",27,
"2025-12-03 18:20:00",23,
"2025-12-03 18:30:00",20,
"2025-12-03 18:40:00",19,
"2025-12-03 18:50:00",18,
"2025-12-03 19:00:00",17,44
"2025-12-03 19:10:00",17,
"2025-12-03 19:20:00",14,
"2025-12-03 19:30:00",11,
"2025-12-03 19:40:00",11,
"2025-12-03 19:50:00",10,
"2025-12-03 20:00:00",11,44
"2025-12-03 20:10:00",11,
"2025-12-03 20:20:00",11,
"2025-12-03 20:30:00",11,
"2025-12-03 20:40:00",11,
"2025-12-03 20:50:00",8,
"2025-12-03 21:00:00",8,44
"2025-12-03 21:10:00",8,
"2025-12-03 21:20:00",9,
"2025-12-03 21:30:00",9,
"2025-12-03 21:40:00",9,
"2025-12-03 21:50:00",9,
"2025-12-03 22:00:00",8,44
"2025-12-03 22:10:00",7,
"2025-12-03 22:20:00",7,
"2025-12-03 22:30:00",6,
"2025-12-03 22:40:00",8,
"2025-12-03 22:50:00",8,
"2025-12-03 23:00:00",10,44
"2025-12-03 23:10:00",11,
"2025-12-03 23:20:00",9,
"2025-12-03 23:30:00",10,
"2025-12-03 23:40:00",10,
"2025-12-03 23:50:00",9,
"2025-12-04 00:00:00",8,44
"2025-12-04 00:10:00",9,
"2025-12-04 00:20:00",13,
"2025-12-04 00:30:00",14,
"2025-12-04 00:40:00",16,
"2025-12-04 00:50:00",17,
"2025-12-04 01:00:00",19,44
"2025-12-04 01:10:00",20,
"2025-12-04 01:20:00",19,
"2025-12-04 01:30:00",21,
"2025-12-04 01:40:00",21,
"2025-12-04 01:50:00",23,
"2025-12-04 02:00:00",24,44
"2025-12-04 02:10:00",25,
"2025-12-04 02:20:00",25,
"2025-12-04 02:30:00",24,
"2025-12-04 02:40:00",28,
"2025-12-04 02:50:00",30,
"2025-12-04 03:00:00",31,44
"2025-12-04 03:10:00",30,
"2025-12-04 03:20:00",29,
"2025-12-04 03:30:00",30,
"2025-12-04 03:40:00",31,
"2025-12-04 03:50:00",31,
"2025-12-04 04:00:00",30,44
"2025-12-04 04:10:00",25,
"2025-12-04 04:20:00",25,
"2025-12-04 04:30:00",25,
"2025-12-04 04:40:00",27,
"2025-12-04 04:50:00",26,
"2025-12-04 05:00:00",23,44
"2025-12-04 05:10:00",24,
"2025-12-04 05:20:00",31,
"2025-12-04 05:30:00",36,
"2025-12-04 05:40:00",37,
"2025-12-04 05:50:00",36,
"2025-12-04 06:00:00",35,44
"2025-12-04 06:10:00",33,
"2025-12-04 06:20:00",34,
"2025-12-04 06:30:00",34,
"2025-12-04 06:40:00",33,
"2025-12-04 06:50:00",34,
"2025-12-04 07:00:00",35,43
"2025-12-04 07:10:00",34,
"2025-12-04 07:20:00",36,
"2025-12-04 07:30:00",40,
"2025-12-04 07:40:00",33,
"2025-12-04 07:50:00",37,
"2025-12-04 08:00:00",37,43
"2025-12-04 08:10:00",38,
"2025-12-04 08:20:00",40,
"2025-12-04 08:30:00",42,
"2025-12-04 08:40:00",40,
"2025-12-04 08:50:00",40,
"2025-12-04 09:00:00",41,43
"2025-12-04 09:10:00",38,
"2025-12-04 09:20:00",36,
"2025-12-04 09:30:00",37,
"2025-12-04 09:40:00",38,
"2025-12-04 09:50:00",41,
"2025-12-04 10:00:00",39,43
"2025-12-04 10:10:00",39,
"2025-12-04 10:20:00",40,
"2025-12-04 10:30:00",42,
"2025-12-04 10:40:00",42,
"2025-12-04 10:50:00",45,
"2025-12-04 11:00:00",47,43
"2025-12-04 11:10:00",52,
"2025-12-04 11:20:00",52,
"2025-12-04 11:30:00",53,
"2025-12-04 11:40:00",50,
"2025-12-04 11:50:00",56,
"2025-12-04 12:00:00",58,42
"2025-12-04 12:10:00",61,
"2025-12-04 12:20:00",57,
"2025-12-04 12:30:00",59,
"2025-12-04 12:40:00",64,
"2025-12-04 12:50:00",67,
"2025-12-04 13:00:00",77,42
"2025-12-04 13:10:00",76,
"2025-12-04 13:20:00",79,
"2025-12-04 13:30:00",87,
"2025-12-04 13:40:00",80,
"2025-12-04 13:50:00",85,
"2025-12-04 14:00:00",89,42
"2025-12-04 14:10:00",91,
"2025-12-04 14:20:00",92,
"2025-12-04 14:30:00",96,
"2025-12-04 14:40:00",93,
"2025-12-04 14:50:00",89,
"2025-12-04 15:00:00",87,41
"2025-12-04 15:10:00",81,
"2025-12-04 15:20:00",80,
"2025-12-04 15:30:00",78,
"2025-12-04 15:40:00",74,
"2025-12-04 15:50:00",71,
"2025-12-04 16:00:00",67,41
"2025-12-04 16:10:00",61,
"2025-12-04 16:20:00",59,
"2025-12-04 16:30:00",55,
"2025-12-04 16:40:00",54,
"2025-12-04 16:50:00",53,
"2025-12-04 17:00:00",48,41
"2025-12-04 17:10:00",44,
"2025-12-04 17:20:00",39,
"2025-12-04 17:30:00",39,
"2025-12-04 17:40:00",35,
"2025-12-04 17:50:00",32,
"2025-12-04 18:00:00",30,41
"2025-12-04 18:10:00",28,
"2025-12-04 18:20:00",29,
"2025-12-04 18:30:00",27,
"2025-12-04 18:40:00",26,
"2025-12-04 18:50:00",25,
"2025-12-04 19:00:00",25,41
"2025-12-04 19:10:00",26,
"2025-12-04 19:20:00",24,
"2025-12-04 19:30:00",22,
"2025-12-04 19:40:00",20,
"2025-12-04 19:50:00",21,
"2025-12-04 20:00:00",19,42
"2025-12-04 20:10:00",21,
"2025-12-04 20:20:00",19,
"2025-12-04 20:30:00",17,
"2025-12-04 20:40:00",15,
"2025-12-04 20:50:00",15,
"2025-12-04 21:00:00",15,42
"2025-12-04 21:10:00",12,
"2025-12-04 21:20:00",12,
"2025-12-04 21:30:00",12,
"2025-12-04 21:40:00",10,
"2025-12-04 21:50:00",9,
"2025-12-04 22:00:00",10,42
"2025-12-04 22:10:00",8,
"2025-12-04 22:20:00",6,
"2025-12-04 22:30:00",7,
"2025-12-04 22:40:00",7,
"2025-12-04 22:50:00",9,
"2025-12-04 23:00:00",8,42
"2025-12-04 23:10:00",8,
"2025-12-04 23:20:00",6,
"2025-12-04 23:30:00",8,
"2025-12-04 23:40:00",8,
"2025-12-04 23:50:00",8,
"2025-12-05 00:00:00",8,42
"2025-12-05 00:10:00",9,
"2025-12-05 00:20:00",10,
"2025-12-05 00:30:00",12,
"2025-12-05 00:40:00",15,
"2025-12-05 00:50:00",18,
"2025-12-05 01:00:00",23,42
"2025-12-05 01:10:00",20,
"2025-12-05 01:20:00",23,
"2025-12-05 01:30:00",23,
"2025-12-05 01:40:00",26,
"2025-12-05 01:50:00",25,
"2025-12-05 02:00:00",25,42
"2025-12-05 02:10:00",26,
"2025-12-05 02:20:00",28,
"2025-12-05 02:30:00",30,
"2025-12-05 02:40:00",27,
"2025-12-05 02:50:00",31,
"2025-12-05 03:00:00",29,42
"2025-12-05 03:10:00",31,
"2025-12-05 03:20:00",32,
"2025-12-05 03:30:00",31,
"2025-12-05 03:40:00",33,
"2025-12-05 03:50:00",38,
"2025-12-05 04:00:00",40,43
"2025-12-05 04:10:00",42,
"2025-12-05 04:20:00",40,
"2025-12-05 04:30:00",39,
"2025-12-05 04:40:00",40,
"2025-12-05 04:50:00",42,
"2025-12-05 05:00:00",39,43
"2025-12-05 05:10:00",41,
"2025-12-05 05:20:00",42,
"2025-12-05 05:30:00",37,
"2025-12-05 05:40:00",40,
"2025-12-05 05:50:00",41,
"2025-12-05 06:00:00",41,43
"2025-12-05 06:10:00",43,
"2025-12-05 06:20:00",40,
"2025-12-05 06:30:00",40,
"2025-12-05 06:40:00",40,
"2025-12-05 06:50:00",46,
"2025-12-05 07:00:00",48,44
"2025-12-05 07:10:00",52,
"2025-12-05 07:20:00",50,
"2025-12-05 07:30:00",51,
"2025-12-05 07:40:00",49,
"2025-12-05 07:50:00",48,
"2025-12-05 08:00:00",45,44
"2025-12-05 08:10:00",43,
"2025-12-05 08:20:00",44,
"2025-12-05 08:30:00",40,
"2025-12-05 08:40:00",40,
"2025-12-05 08:50:00",39,
"2025-12-05 09:00:00",40,44
"2025-12-05 09:10:00",38,
"2025-12-05 09:20:00",36,
"2025-12-05 09:30:00",35,
"2025-12-05 09:40:00",36,
"2025-12-05 09:50:00",35,
"2025-12-05 10:00:00",38,44
"2025-12-05 10:10:00",40,
"2025-12-05 10:20:00",39,
"2025-12-05 10:30:00",43,
"2025-12-05 10:40:00",43,
"2025-12-05 10:50:00",41,
"2025-12-05 11:00:00",43,44
"2025-12-05 11:10:00",44,
"2025-12-05 11:20:00",43,
"2025-12-05 11:30:00",44,
"2025-12-05 11:40:00",50,
"2025-12-05 11:50:00",51,
"2025-12-05 12:00:00",58,45
"2025-12-05 12:10:00",64,
"2025-12-05 12:20:00",66,
"2025-12-05 12:30:00",67,
"2025-12-05 12:40:00",68,
"2025-12-05 12:50:00",71,
"2025-12-05 13:00:00",74,45
"2025-12-05 13:10:00",78,
"2025-12-05 13:20:00",81,
"2025-12-05 13:30:00",77,
"2025-12-05 13:40:00",84,
"2025-12-05 13:50:00",84,
"2025-12-05 14:00:00",79,45
"2025-12-05 14:10:00",82,
"2025-12-05 14:20:00",91,
"2025-12-05 14:30:00",89,
"2025-12-05 14:40:00",98,
"2025-12-05 14:50:00",97,
"2025-12-05 15:00:00",96,45
"2025-12-05 15:10:00",93,
"2025-12-05 15:20:00",93,
"2025-12-05 15:30:00",87,
"2025-12-05 15:40:00",85,
"2025-12-05 15:50:00",83,
"2025-12-05 16:00:00",73,45
"2025-12-05 16:10:00",73,
"2025-12-05 16:20:00",66,
"2025-12-05 16:30:00",66,
"2025-12-05 16:40:00",61,
"2025-12-05 16:50:00",63,
"2025-12-05 17:00:00",59,46
"2025-12-05 17:10:00",49,
"2025-12-05 17:20:00",47,
"2025-12-05 17:30:00",37,
"2025-12-05 17:40:00",36,
"2025-12-05 17:50:00",39,
"2025-12-05 18:00:00",35,46
"2025-12-05 18:10:00",35,
"2025-12-05 18:20:00",31,
"2025-12-05 18:30:00",30,
"2025-12-05 18:40:00",28,
"2025-12-05 18:50:00",29,
"2025-12-05 19:00:00",29,46
"2025-12-05 19:10:00",28,
"2025-12-05 19:20:00",23,
"2025-12-05 19:30:00",22,
"2025-12-05 19:40:00",23,
"2025-12-05 19:50:00",22,
"2025-12-05 20:00:00",21,46
"2025-12-05 20:10:00",21,
"2025-12-05 20:20:00",18,
"2025-12-05 20:30:00",18,
"2025-12-05 20:40:00",18,
"2025-12-05 20:50:00",17,
"2025-12-05 21:00:00",15,46
"2025-12-05 21:10:00",14,
"2025-12-05 21:20:00",14,
"2025-12-05 21:30:00",11,
"2025-12-05 21:40:00",11,
"2025-12-05 21:50:00",11,
"2025-12-05 22:00:00",10,46
"2025-12-05 22:10:00",8,
"2025-12-05 22:20:00",7,
"2025-12-05 22:30:00",7,
"2025-12-05 22:40:00",8,
"2025-12-05 22:50:00",10,
"2025-12-05 23:00:00",9,47
"2025-12-05 23:10:00",9,
"2025-12-05 23:20:00",7,
"2025-12-05 23:30:00",8,
"2025-12-05 23:40:00",10,
"2025-12-05 23:50:00",10,
"2025-12-06 00:00:00",11,46
"2025-12-06 00:10:00",15,
"2025-12-06 00:20:00",14,
"2025-12-06 00:30:00",12,
"2025-12-06 00:40:00",13,
"2025-12-06 00:50:00",13,
"2025-12-06 01:00:00",17,47
"2025-12-06 01:10:00",19,
"2025-12-06 01:20:00",22,
"2025-12-06 01:30:00",27,
"2025-12-06 01:40:00",26,
"2025-12-06 01:50:00",26,
"2025-12-06 02:00:00",29,47
"2025-12-06 02:10:00",33,
"2025-12-06 02:20:00",36,
"2025-12-06 02:30:00",42,
"2025-12-06 02:40:00",43,
"2025-12-06 02:50:00",45,
"2025-12-06 03:00:00",44,47
"2025-12-06 03:10:00",42,
"2025-12-06 03:20:00",44,
"2025-12-06 03:30:00",46,
"2025-12-06 03:40:00",45,
"2025-12-06 03:50:00",45,
"2025-12-06 04:00:00",44,48
"2025-12-06 04:10:00",47,
"2025-12-06 04:20:00",47,
"2025-12-06 04:30:00",49,
"2025-12-06 04:40:00",48,
"2025-12-06 04:50:00",53,
"2025-12-06 05:00:00",55,49
"2025-12-06 05:10:00",54,
"2025-12-06 05:20:00",53,
"2025-12-06 05:30:00",57,
"2025-12-06 05:40:00",63,
"2025-12-06 05:50:00",69,
"2025-12-06 06:00:00",66,50
"2025-12-06 06:10:00",67,
"2025-12-06 06:20:00",67,
"2025-12-06 06:30:00",65,
"2025-12-06 06:40:00",67,
"2025-12-06 06:50:00",68,
"2025-12-06 07:00:00",64,50
"2025-12-06 07:10:00",65,
"2025-12-06 07:20:00",65,
"2025-12-06 07:30:00",63,
"2025-12-06 07:40:00",60,
"2025-12-06 07:50:00",59,
"2025-12-06 08:00:00",64,51
"2025-12-06 08:10:00",69,
"2025-12-06 08:20:00",72,
"2025-12-06 08:30:00",74,
"2025-12-06 08:40:00",75,
"2025-12-06 08:50:00",74,
"2025-12-06 09:00:00",76,53
"2025-12-06 09:10:00",74,
"2025-12-06 09:20:00",79,
"2025-12-06 09:30:00",79,
"2025-12-06 09:40:00",81,
"2025-12-06 09:50:00",81,
"2025-12-06 10:00:00",81,54
"2025-12-06 10:10:00",80,
"2025-12-06 10:20:00",82,
"2025-12-06 10:30:00",84,
"2025-12-06 10:40:00",82,
"2025-12-06 10:50:00",82,
"2025-12-06 11:00:00",76,56
"2025-12-06 11:10:00",84,
"2025-12-06 11:20:00",84,
"2025-12-06 11:30:00",84,
"2025-12-06 11:40:00",87,
"2025-12-06 11:50:00",86,
"2025-12-06 12:00:00",89,57
"2025-12-06 12:10:00",89,
"2025-12-06 12:20:00",91,
"2025-12-06 12:30:00",85,
"2025-12-06 12:40:00",87,
"2025-12-06 12:50:00",89,
"2025-12-06 13:00:00",93,57
"2025-12-06 13:10:00",94,
"2025-12-06 13:20:00",95,
"2025-12-06 13:30:00",98,
"2025-12-06 13:40:00",102,
"2025-12-06 13:50:00",106,
"2025-12-06 14:00:00",101,58
"2025-12-06 14:10:00",100,
"2025-12-06 14:20:00",97,
"2025-12-06 14:30:00",92,
"2025-12-06 14:40:00",99,
"2025-12-06 14:50:00",96,
"2025-12-06 15:00:00",98,58
"2025-12-06 15:10:00",99,
"2025-12-06 15:20:00",100,
"2025-12-06 15:30:00",99,
"2025-12-06 15:40:00",99,
"2025-12-06 15:50:00",92,
"2025-12-06 16:00:00",90,58
"2025-12-06 16:10:00",86,
"2025-12-06 16:20:00",82,
"2025-12-06 16:30:00",79,
"2025-12-06 16:40:00",73,
"2025-12-06 16:50:00",73,
"2025-12-06 17:00:00",71,59
"2025-12-06 17:10:00",68,
"2025-12-06 17:20:00",65,
"2025-12-06 17:30:00",59,
"2025-12-06 17:40:00",57,
"2025-12-06 17:50:00",55,
"2025-12-06 18:00:00",52,59
"2025-12-06 18:10:00",50,
"2025-12-06 18:20:00",51,
"2025-12-06 18:30:00",49,
"2025-12-06 18:40:00",46,
"2025-12-06 18:50:00",43,
"2025-12-06 19:00:00",39,60
"2025-12-06 19:10:00",37,
"2025-12-06 19:20:00",36,
"2025-12-06 19:30:00",32,
"2025-12-06 19:40:00",31,
"2025-12-06 19:50:00",28,
"2025-12-06 20:00:00",27,60
"2025-12-06 20:10:00",27,
"2025-12-06 20:20:00",26,
"2025-12-06 20:30:00",26,
"2025-12-06 20:40:00",25,
"2025-12-06 20:50:00",24,
"2025-12-06 21:00:00",23,60
"2025-12-06 21:10:00",24,
"2025-12-06 21:20:00",22,
"2025-12-06 21:30:00",21,
"2025-12-06 21:40:00",20,
"2025-12-06 21:50:00",20,
"2025-12-06 22:00:00",20,61
"2025-12-06 22:10:00",20,
"2025-12-06 22:20:00",19,
"2025-12-06 22:30:00",20,
"2025-12-06 22:40:00",21,
"2025-12-06 22:50:00",21,
"2025-12-06 23:00:00",20,61
"2025-12-06 23:10:00",18,
"2025-12-06 23:20:00",17,
"2025-12-06 23:30:00",16,
"2025-12-06 23:40:00",18,
"2025-12-06 23:50:00",16,
"2025-12-07 00:00:00",16,61
"2025-12-07 00:10:00",18,
"2025-12-07 00:20:00",21,
"2025-12-07 00:30:00",20,
"2025-12-07 00:40:00",25,
"2025-12-07 00:50:00",26,
"2025-12-07 01:00:00",27,62
"2025-12-07 01:10:00",31,
"2025-12-07 01:20:00",32,
"2025-12-07 01:30:00",36,
"2025-12-07 01:40:00",40,
"2025-12-07 01:50:00",39,
"2025-12-07 02:00:00",44,62
"2025-12-07 02:10:00",45,
"2025-12-07 02:20:00",50,
"2025-12-07 02:30:00",52,
"2025-12-07 02:40:00",51,
"2025-12-07 02:50:00",55,
"2025-12-07 03:00:00",57,63
"2025-12-07 03:10:00",59,
"2025-12-07 03:20:00",60,
"2025-12-07 03:30:00",63,
"2025-12-07 03:40:00",63,
"2025-12-07 03:50:00",67,
"2025-12-07 04:00:00",69,64
"2025-12-07 04:10:00",67,
"2025-12-07 04:20:00",71,
"2025-12-07 04:30:00",72,
"2025-12-07 04:40:00",72,
"2025-12-07 04:50:00",71,
"2025-12-07 05:00:00",71,63
"2025-12-07 05:10:00",67,
"2025-12-07 05:20:00",66,
"2025-12-07 05:30:00",70,
"2025-12-07 05:40:00",65,
"2025-12-07 05:50:00",64,
"2025-12-07 06:00:00",66,63
"2025-12-07 06:10:00",66,
"2025-12-07 06:20:00",65,
"2025-12-07 06:30:00",65,
"2025-12-07 06:40:00",66,
"2025-12-07 06:50:00",68,
"2025-12-07 07:00:00",72,64
"2025-12-07 07:10:00",70,
"2025-12-07 07:20:00",72,
"2025-12-07 07:30:00",78,
"2025-12-07 07:40:00",78,
"2025-12-07 07:50:00",82,
"2025-12-07 08:00:00",80,64
"2025-12-07 08:10:00",81,
"2025-12-07 08:20:00",83,
"2025-12-07 08:30:00",83,
"2025-12-07 08:40:00",84,
"2025-12-07 08:50:00",82,
"2025-12-07 09:00:00",81,64
"2025-12-07 09:10:00",84,
"2025-12-07 09:20:00",80,
"2025-12-07 09:30:00",78,
"2025-12-07 09:40:00",75,
"2025-12-07 09:50:00",80,
"2025-12-07 10:00:00",80,64
"2025-12-07 10:10:00",81,
"2025-12-07 10:20:00",79,
"2025-12-07 10:30:00",81,
"2025-12-07 10:40:00",81,
"2025-12-07 10:50:00",84,
"2025-12-07 11:00:00",86,64
"2025-12-07 11:10:00",85,
"2025-12-07 11:20:00",88,
"2025-12-07 11:30:00",88,
"2025-12-07 11:40:00",94,
"2025-12-07 11:50:00",90,
"2025-12-07 12:00:00",94,65
"2025-12-07 12:10:00",97,
"2025-12-07 12:20:00",99,
"2025-12-07 12:30:00",103,
"2025-12-07 12:40:00",107,
"2025-12-07 12:50:00",109,
"2025-12-07 13:00:00",113,65
"2025-12-07 13:10:00",115,
"2025-12-07 13:20:00",116,
"2025-12-07 13:30:00",107,
"2025-12-07 13:40:00",106,
"2025-12-07 13:50:00",108,
"2025-12-07 14:00:00",105,66
"2025-12-07 14:10:00",104,
"2025-12-07 14:20:00",102,
"2025-12-07 14:30:00",106,
"2025-12-07 14:40:00",107,
"2025-12-07 14:50:00",106,
"2025-12-07 15:00:00",108,66
"2025-12-07 15:10:00",95,
"2025-12-07 15:20:00",98,
"2025-12-07 15:30:00",89,
"2025-12-07 15:40:00",85,
"2025-12-07 15:50:00",86,
"2025-12-07 16:00:00",84,66
"2025-12-07 16:10:00",79,
"2025-12-07 16:20:00",72,
"2025-12-07 16:30:00",71,
"2025-12-07 16:40:00",68,
"2025-12-07 16:50:00",63,
"2025-12-07 17:00:00",56,65
"2025-12-07 17:10:00",53,
"2025-12-07 17:20:00",49,
"2025-12-07 17:30:00",43,
"2025-12-07 17:40:00",42,
"2025-12-07 17:50:00",42,
"2025-12-07 18:00:00",38,65
"2025-12-07 18:10:00",40,
"2025-12-07 18:20:00",38,
"2025-12-07 18:30:00",36,
"2025-12-07 18:40:00",31,
"2025-12-07 18:50:00",27,
"2025-12-07 19:00:00",26,64
"2025-12-07 19:10:00",22,
"2025-12-07 19:20:00",21,
"2025-12-07 19:30:00",21,
"2025-12-07 19:40:00",22,
"2025-12-07 19:50:00",22,
"2025-12-07 20:00:00",23,64
"2025-12-07 20:10:00",21,
"2025-12-07 20:20:00",19,
"2025-12-07 20:30:00",18,
"2025-12-07 20:40:00",20,
"2025-12-07 20:50:00",19,
"2025-12-07 21:00:00",18,64
"2025-12-07 21:10:00",16,
"2025-12-07 21:20:00",15,
"2025-12-07 21:30:00",13,
"2025-12-07 21:40:00",15,
"2025-12-07 21:50:00",15,
"2025-12-07 22:00:00",14,64
"2025-12-07 22:10:00",14,
"2025-12-07 22:20:00",13,
"2025-12-07 22:30:00",14,
"2025-12-07 22:40:00",13,
"2025-12-07 22:50:00",13,
"2025-12-07 23:00:00",12,64
"2025-12-07 23:10:00",14,
"2025-12-07 23:20:00",16,
"2025-12-07 23:30:00",16,
"2025-12-07 23:40:00",17,
"2025-12-07 23:50:00",18,
"2025-12-08 00:00:00",19,63
"2025-12-08 00:10:00",18,
"2025-12-08 00:20:00",19,
"2025-12-08 00:30:00",19,
"2025-12-08 00:40:00",18,
"2025-12-08 00:50:00",17,
"2025-12-08 01:00:00",16,62
"2025-12-08 01:10:00",12,
"2025-12-08 01:20:00",13,
"2025-12-08 01:30:00",13,
"2025-12-08 01:40:00",14,
"2025-12-08 01:50:00",14,
"2025-12-08 02:00:00",16,61
"2025-12-08 02:10:00",20,
"2025-12-08 02:20:00",22,
"2025-12-08 02:30:00",21,
"2025-12-08 02:40:00",20,
"2025-12-08 02:50:00",22,
"2025-12-08 03:00:00",21,60
"2025-12-08 03:10:00",26,
"2025-12-08 03:20:00",25,
"2025-12-08 03:30:00",24,
"2025-12-08 03:40:00",28,
"2025-12-08 03:50:00",29,
"2025-12-08 04:00:00",29,58
"2025-12-08 04:10:00",32,
"2025-12-08 04:20:00",32,
"2025-12-08 04:30:00",30,
"2025-12-08 04:40:00",32,
"2025-12-08 04:50:00",32,
"2025-12-08 05:00:00",34,57
"2025-12-08 05:10:00",34,
"2025-12-08 05:20:00",37,
"2025-12-08 05:30:00",39,
"2025-12-08 05:40:00",37,
"2025-12-08 05:50:00",35,
"2025-12-08 06:00:00",32,55
"2025-12-08 06:10:00",32,
"2025-12-08 06:20:00",30,
"2025-12-08 06:30:00",32,
"2025-12-08 06:40:00",31,
"2025-12-08 06:50:00",34,
"2025-12-08 07:00:00",35,54
"2025-12-08 07:10:00",35,
"2025-12-08 07:20:00",36,
"2025-12-08 07:30:00",38,
"2025-12-08 07:40:00",38,
"2025-12-08 07:50:00",36,
"2025-12-08 08:00:00",39,52
"2025-12-08 08:10:00",42,
"2025-12-08 08:20:00",45,
"2025-12-08 08:30:00",44,
"2025-12-08 08:40:00",44,
"2025-12-08 08:50:00",45,
"2025-12-08 09:00:00",45,51
"2025-12-08 09:10:00",47,
"2025-12-08 09:20:00",51,
"2025-12-08 09:30:00",52,
"2025-12-08 09:40:00",51,
"2025-12-08 09:50:00",52,
"2025-12-08 10:00:00",48,50
"2025-12-08 10:10:00",48,
"2025-12-08 10:20:00",47,
"2025-12-08 10:30:00",53,
"2025-12-08 10:40:00",55,
"2025-12-08 10:50:00",55,
"2025-12-08 11:00:00",57,49
"2025-12-08 11:10:00",60,
"2025-12-08 11:20:00",64,
"2025-12-08 11:30:00",64,
"2025-12-08 11:40:00",63,
"2025-12-08 11:50:00",67,
"2025-12-08 12:00:00",72,48
"2025-12-08 12:10:00",81,
"2025-12-08 12:20:00",89,
"2025-12-08 12:30:00",88,
"2025-12-08 12:40:00",92,
"2025-12-08 12:50:00",93,
"2025-12-08 13:00:00",94,47
"2025-12-08 13:10:00",96,
"2025-12-08 13:20:00",94,
"2025-12-08 13:30:00",100,
"2025-12-08 13:40:00",98,
"2025-12-08 13:50:00",99,
"2025-12-08 14:00:00",103,47
"2025-12-08 14:10:00",107,
"2025-12-08 14:20:00",111,
"2025-12-08 14:30:00",111,
"2025-12-08 14:40:00",107,
"2025-12-08 14:50:00",104,
"2025-12-08 15:00:00",100,47
"2025-12-08 15:10:00",97,
"2025-12-08 15:20:00",93,
"2025-12-08 15:30:00",88,
"2025-12-08 15:40:00",80,
"2025-12-08 15:50:00",74,
"2025-12-08 16:00:00",70,46
"2025-12-08 16:10:00",64,
"2025-12-08 16:20:00",61,
"2025-12-08 16:30:00",60,
"2025-12-08 16:40:00",56,
"2025-12-08 16:50:00",55,
"2025-12-08 17:00:00",51,46
"2025-12-08 17:10:00",48,
"2025-12-08 17:20:00",41,
"2025-12-08 17:30:00",33,
"2025-12-08 17:40:00",32,
"2025-12-08 17:50:00",30,
"2025-12-08 18:00:00",25,45
"2025-12-08 18:10:00",25,
"2025-12-08 18:20:00",23,
"2025-12-08 18:30:00",22,
"2025-12-08 18:40:00",19,
"2025-12-08 18:50:00",20,
"2025-12-08 19:00:00",18,45
"2025-12-08 19:10:00",19,
"2025-12-08 19:20:00",18,
"2025-12-08 19:30:00",17,
"2025-12-08 19:40:00",12,
"2025-12-08 19:50:00",17,
"2025-12-08 20:00:00",16,45
"2025-12-08 20:10:00",15,
"2025-12-08 20:20:00",15,
"2025-12-08 20:30:00",16,
"2025-12-08 20:40:00",16,
"2025-12-08 20:50:00",17,
"2025-12-08 21:00:00",18,45
"2025-12-08 21:10:00",18,
"2025-12-08 21:20:00",17,
"2025-12-08 21:30:00",17,
"2025-12-08 21:40:00",17,
"2025-12-08 21:50:00",15,
"2025-12-08 22:00:00",16,45
"2025-12-08 22:10:00",15,
"2025-12-08 22:20:00",15,
"2025-12-08 22:30:00",14,
"2025-12-08 22:40:00",14,
"2025-12-08 22:50:00",15,
"2025-12-08 23:00:00",15,45
"2025-12-08 23:10:00",14,
"2025-12-08 23:20:00",13,
"2025-12-08 23:30:00",13,
"2025-12-08 23:40:00",11,
"2025-12-08 23:50:00",12,
"2025-12-09 00:00:00",15,45
"2025-12-09 00:10:00",17,
"2025-12-09 00:20:00",19,
"2025-12-09 00:30:00",18,
"2025-12-09 00:40:00",22,
"2025-12-09 00:50:00",21,
"2025-12-09 01:00:00",19,46
"2025-12-09 01:10:00",20,
"2025-12-09 01:20:00",19,
"2025-12-09 01:30:00",19,
"2025-12-09 01:40:00",20,
"2025-12-09 01:50:00",25,
"2025-12-09 02:00:00",26,46
"2025-12-09 02:10:00",31,
"2025-12-09 02:20:00",34,
"2025-12-09 02:30:00",33,
"2025-12-09 02:40:00",36,
"2025-12-09 02:50:00",42,
"2025-12-09 03:00:00",41,47
"2025-12-09 03:10:00",40,
"2025-12-09 03:20:00",38,
"2025-12-09 03:30:00",41,
"2025-12-09 03:40:00",47,
"2025-12-09 03:50:00",46,
"2025-12-09 04:00:00",44,48
"2025-12-09 04:10:00",43,
"2025-12-09 04:20:00",43,
"2025-12-09 04:30:00",44,
"2025-12-09 04:40:00",47,
"2025-12-09 04:50:00",46,
"2025-12-09 05:00:00",46,49
"2025-12-09 05:10:00",47,
"2025-12-09 05:20:00",49,
"2025-12-09 05:30:00",51,
"2025-12-09 05:40:00",55,
"2025-12-09 05:50:00",51,
"2025-12-09 06:00:00",54,49
"2025-12-09 06:10:00",53,
"2025-12-09 06:20:00",54,
"2025-12-09 06:30:00",55,
"2025-12-09 06:40:00",52,
"2025-12-09 06:50:00",50,
"2025-12-09 07:00:00",49,50
"2025-12-09 07:10:00",48,
"2025-12-09 07:20:00",48,
"2025-12-09 07:30:00",52,
"2025-12-09 07:40:00",51,
"2025-12-09 07:50:00",50,
"2025-12-09 08:00:00",47,50
"2025-12-09 08:10:00",48,
"2025-12-09 08:20:00",48,
"2025-12-09 08:30:00",53,
"2025-12-09 08:40:00",50,50